datetime,open,high,low,close,volume
2024-01-01 00:00:00+00:00,42314.0,42832.0,42207.9,42727.6,70385.399
2024-01-01 12:00:00+00:00,42727.7,44266.0,42614.5,44230.2,136038.745
2024-01-02 00:00:00+00:00,44230.3,45950.0,44200.9,45486.8,250292.799
2024-01-02 12:00:00+00:00,45486.8,45850.0,44598.0,44979.8,209505.724
2024-01-03 00:00:00+00:00,44979.7,45582.3,43500.0,43728.9,172503.548
2024-01-03 12:00:00+00:00,43728.9,43738.8,40333.0,42849.5,423351.677
2024-01-04 00:00:00+00:00,42849.5,43290.0,42625.0,43188.2,108405.667
2024-01-04 12:00:00+00:00,43188.2,44840.8,43107.4,44143.8,225517.431
2024-01-05 00:00:00+00:00,44143.8,44332.4,42300.0,43769.9,183247.557
2024-01-05 12:00:00+00:00,43769.9,44500.0,43000.0,44145.4,191720.234
2024-01-06 00:00:00+00:00,44145.3,44214.6,43391.3,43669.2,73139.2
2024-01-06 12:00:00+00:00,43669.2,44149.9,43527.2,43956.7,65403.597
2024-01-07 00:00:00+00:00,43956.6,44267.9,43824.2,44054.0,63365.808
2024-01-07 12:00:00+00:00,44054.0,44486.9,43557.5,43916.9,117344.906
2024-01-08 00:00:00+00:00,43916.9,44748.5,43158.1,44637.2,150443.866
2024-01-08 12:00:00+00:00,44637.2,47312.0,44350.0,46972.7,344644.117
2024-01-09 00:00:00+00:00,46972.6,47173.5,46253.7,46624.4,125406.14
2024-01-09 12:00:00+00:00,46624.4,48100.0,44417.2,46114.0,387956.633
2024-01-10 00:00:00+00:00,46113.9,46252.5,44800.0,45530.2,112491.312
2024-01-10 12:00:00+00:00,45530.1,47699.3,44291.5,46662.9,556166.162
2024-01-11 00:00:00+00:00,46663.0,47171.0,45610.1,47068.5,133183.192
2024-01-11 12:00:00+00:00,47068.5,49027.5,45600.0,46337.8,463515.187
2024-01-12 00:00:00+00:00,46337.9,46536.2,45527.5,45958.0,120900.902
2024-01-12 12:00:00+00:00,45958.0,46120.0,41370.0,42788.9,455042.356
2024-01-13 00:00:00+00:00,42789.0,43265.1,42445.7,42631.9,115789.154
2024-01-13 12:00:00+00:00,42631.8,43273.4,42509.8,42846.4,91948.172
2024-01-14 00:00:00+00:00,42846.4,43096.1,42553.0,42836.8,56460.865
2024-01-14 12:00:00+00:00,42836.7,43019.1,41713.5,41734.9,124636.103
2024-01-15 00:00:00+00:00,41734.9,42829.8,41720.0,42699.9,83391.467
2024-01-15 12:00:00+00:00,42700.0,43376.0,42156.0,42515.0,156667.674
2024-01-16 00:00:00+00:00,42515.0,43164.9,42466.1,42894.9,74251.715
2024-01-16 12:00:00+00:00,42894.6,43589.0,42050.0,43133.0,212955.518
2024-01-17 00:00:00+00:00,43133.0,43198.0,42555.8,42681.0,70281.461
2024-01-17 12:00:00+00:00,42681.0,42934.9,42200.0,42783.4,139114.62
2024-01-18 00:00:00+00:00,42783.3,42932.3,42382.5,42540.0,68822.287
2024-01-18 12:00:00+00:00,42540.1,42821.4,40673.6,41323.1,266258.469
2024-01-19 00:00:00+00:00,41323.2,41578.3,40739.6,41471.7,96083.626
2024-01-19 12:00:00+00:00,41471.7,42197.0,40300.0,41662.2,249858.104
2024-01-20 00:00:00+00:00,41662.1,41781.4,41453.6,41583.6,52083.536
2024-01-20 12:00:00+00:00,41583.5,41883.5,41480.0,41691.8,43782.526
2024-01-21 00:00:00+00:00,41691.8,41826.5,41544.0,41720.9,25720.186
2024-01-21 12:00:00+00:00,41720.8,41880.9,41500.0,41580.0,41315.366
2024-01-22 00:00:00+00:00,41579.9,41692.3,40353.7,40809.4,161175.951
2024-01-22 12:00:00+00:00,40809.5,41253.7,39402.0,39567.0,297848.155
2024-01-23 00:00:00+00:00,39567.1,40172.7,38652.3,38850.1,182595.018
2024-01-23 12:00:00+00:00,38850.2,39898.0,38545.0,39890.0,231778.368
2024-01-24 00:00:00+00:00,39889.9,40560.6,39550.0,40195.2,130125.317
2024-01-24 12:00:00+00:00,40195.1,40287.8,39493.3,40078.7,142628.854
2024-01-25 00:00:00+00:00,40078.8,40300.0,39778.3,40165.5,75160.917
2024-01-25 12:00:00+00:00,40165.5,40280.0,39535.3,39953.3,128567.762
2024-01-26 00:00:00+00:00,39953.3,41350.0,39813.1,41272.0,147471.695
2024-01-26 12:00:00+00:00,41271.9,42239.3,40890.0,41806.4,207946.783
2024-01-27 00:00:00+00:00,41806.4,41924.0,41360.1,41744.7,66035.462
2024-01-27 12:00:00+00:00,41744.7,42187.1,41689.3,42102.2,52401.652
2024-01-28 00:00:00+00:00,42102.2,42836.0,41908.2,42456.6,111689.881
2024-01-28 12:00:00+00:00,42456.5,42525.0,41600.0,42021.2,94046.572
2024-01-29 00:00:00+00:00,42021.2,42493.0,41865.4,42233.3,79171.761
2024-01-29 12:00:00+00:00,42233.2,43340.8,41768.3,43287.7,170330.349
2024-01-30 00:00:00+00:00,43287.6,43798.2,43111.3,43513.4,93799.12
2024-01-30 12:00:00+00:00,43513.3,43888.0,42665.6,42918.3,163783.664
2024-01-31 00:00:00+00:00,42918.3,43090.0,42341.0,42630.2,95865.697
2024-01-31 12:00:00+00:00,42630.2,43748.6,42257.6,42560.5,217203.413
2024-02-01 00:00:00+00:00,42560.5,42674.9,41866.8,42075.9,100595.231
2024-02-01 12:00:00+00:00,42075.8,43288.0,41926.3,43072.6,173725.876
2024-02-02 00:00:00+00:00,43072.6,43430.0,42923.1,43136.8,67303.737
2024-02-02 12:00:00+00:00,43136.9,43480.0,42512.7,43182.0,138463.837
2024-02-03 00:00:00+00:00,43182.0,43372.2,42950.6,42978.0,41613.095
2024-02-03 12:00:00+00:00,42977.9,43264.3,42858.3,42992.4,48122.125
2024-02-04 00:00:00+00:00,42992.4,43112.1,42702.4,43041.6,46853.143
2024-02-04 12:00:00+00:00,43041.6,43104.9,42176.7,42570.3,80568.405
2024-02-05 00:00:00+00:00,42570.3,43264.2,42235.1,43180.8,92403.691
2024-02-05 12:00:00+00:00,43180.8,43580.0,42311.2,42692.9,148251.858
2024-02-06 00:00:00+00:00,42692.9,43110.0,42559.8,42814.3,87379.12
2024-02-06 12:00:00+00:00,42814.3,43378.8,42631.0,43079.1,108778.523
2024-02-07 00:00:00+00:00,43079.1,43191.2,42763.4,42917.4,64347.028
2024-02-07 12:00:00+00:00,42917.3,44388.0,42864.8,44326.2,187710.68
2024-02-08 00:00:00+00:00,44326.3,44884.3,44306.8,44677.9,115388.399
2024-02-08 12:00:00+00:00,44677.9,45600.0,44580.4,45269.1,184349.889
2024-02-09 00:00:00+00:00,45269.2,47290.0,45218.1,47155.9,210076.828
2024-02-09 12:00:00+00:00,47155.9,48230.3,46638.6,47116.1,309842.591
2024-02-10 00:00:00+00:00,47116.1,47489.9,46836.4,47172.8,73802.591
2024-02-10 12:00:00+00:00,47172.7,48189.6,47083.8,47732.6,105824.013
2024-02-11 00:00:00+00:00,47732.6,48600.0,47539.4,48403.7,115451.04
2024-02-11 12:00:00+00:00,48403.7,48469.3,47914.1,48303.4,94500.586
2024-02-12 00:00:00+00:00,48303.4,48846.0,47702.0,47906.0,125732.819
2024-02-12 12:00:00+00:00,47905.9,50413.2,47841.6,49943.6,325162.383
2024-02-13 00:00:00+00:00,49943.6,50428.8,49651.0,50004.0,111292.879
2024-02-13 12:00:00+00:00,50003.9,50009.3,48301.0,49696.4,271055.206
2024-02-14 00:00:00+00:00,49696.4,51829.1,49215.7,51601.2,196699.784
2024-02-14 12:00:00+00:00,51601.1,52100.0,51217.7,51823.2,198492.007
2024-02-15 00:00:00+00:00,51823.1,52568.3,51651.0,52359.1,162908.34
2024-02-15 12:00:00+00:00,52359.0,52859.0,51334.9,51898.5,229816.263
2024-02-16 00:00:00+00:00,51898.4,52470.6,51611.7,52241.1,112555.067
2024-02-16 12:00:00+00:00,52241.2,52623.0,51623.2,52148.6,147264.726
2024-02-17 00:00:00+00:00,52148.7,52192.8,51521.4,51723.7,59010.763
2024-02-17 12:00:00+00:00,51723.7,52109.0,50647.5,51679.4,163331.242
2024-02-18 00:00:00+00:00,51679.5,52107.3,51178.0,51861.1,77658.869
2024-02-18 12:00:00+00:00,51861.1,52450.0,51563.3,52175.9,88977.557
2024-02-19 00:00:00+00:00,52175.9,52532.9,51933.1,52375.9,85948.338
2024-02-19 12:00:00+00:00,52375.9,52509.1,51688.8,51813.8,110439.64
2024-02-20 00:00:00+00:00,51813.7,52443.7,51330.5,52325.8,114679.687
2024-02-20 12:00:00+00:00,52325.9,53090.9,50788.0,52297.4,274233.377
2024-02-21 00:00:00+00:00,52297.3,52402.3,50826.2,50988.1,126153.176
2024-02-21 12:00:00+00:00,50988.2,51991.2,50528.4,51877.8,181974.125
2024-02-22 00:00:00+00:00,51877.9,52078.0,51176.8,51659.2,99468.944
2024-02-22 12:00:00+00:00,51659.1,52130.8,50967.5,51316.9,144675.703
2024-02-23 00:00:00+00:00,51316.9,51576.3,50862.3,51254.1,88756.243
2024-02-23 12:00:00+00:00,51254.1,51372.3,50512.7,50771.9,126718.319
2024-02-24 00:00:00+00:00,50771.9,51195.0,50611.4,51151.9,46610.602
2024-02-24 12:00:00+00:00,51151.8,51736.6,51053.3,51602.1,58333.855
2024-02-25 00:00:00+00:00,51602.1,51949.8,51465.5,51672.3,50674.039
2024-02-25 12:00:00+00:00,51672.3,52050.0,51300.4,51764.9,71503.221
2024-02-26 00:00:00+00:00,51764.9,51846.1,50922.5,51126.4,69546.785
2024-02-26 12:00:00+00:00,51126.3,54991.8,50990.0,54511.6,323919.446
2024-02-27 00:00:00+00:00,54511.7,57780.0,54495.0,56581.4,250071.772
2024-02-27 12:00:00+00:00,56581.4,57679.5,56231.0,57074.5,261403.763
2024-02-28 00:00:00+00:00,57074.5,59589.0,56730.1,58997.4,253484.001
2024-02-28 12:00:00+00:00,58997.4,64300.0,58940.8,62487.9,756634.441
2024-02-29 00:00:00+00:00,62487.9,63762.8,61105.2,63019.8,247192.567
2024-02-29 12:00:00+00:00,63019.8,63599.9,60452.0,61203.3,337521.316
2024-03-01 00:00:00+00:00,61203.3,62332.0,60844.8,61927.7,107073.537
2024-03-01 12:00:00+00:00,61927.7,63199.0,61200.0,62430.6,192158.29
2024-03-02 00:00:00+00:00,62430.6,62513.1,61711.5,61900.0,88000.503
2024-03-02 12:00:00+00:00,61900.0,62276.6,61605.0,62039.9,71283.126
2024-03-03 00:00:00+00:00,62039.9,62181.2,61339.5,61900.0,74377.28
2024-03-03 12:00:00+00:00,61900.0,63330.9,61885.6,63178.5,125935.223
2024-03-04 00:00:00+00:00,63178.5,65717.4,62299.0,65314.0,259439.707
2024-03-04 12:00:00+00:00,65313.9,68600.0,64566.3,68296.4,373442.437
2024-03-05 00:00:00+00:00,68296.5,68824.7,65021.1,66749.0,275382.075
2024-03-05 12:00:00+00:00,66749.1,69350.0,59112.0,63747.4,777643.057
2024-03-06 00:00:00+00:00,63747.5,67729.5,62829.3,67383.9,257571.215
2024-03-06 12:00:00+00:00,67383.9,67689.8,64615.5,66128.1,276440.598
2024-03-07 00:00:00+00:00,66128.0,67350.0,65609.3,66974.9,118802.584
2024-03-07 12:00:00+00:00,66975.0,68101.3,66588.0,66870.0,177290.204
2024-03-08 00:00:00+00:00,66870.0,67838.0,66800.0,67822.0,79052.749
2024-03-08 12:00:00+00:00,67821.5,70330.8,66120.0,68180.2,380334.458
2024-03-09 00:00:00+00:00,68180.2,68608.7,67908.7,68360.3,54887.304
2024-03-09 12:00:00+00:00,68360.3,68580.0,68050.0,68360.1,40011.701
2024-03-10 00:00:00+00:00,68360.2,69999.8,68262.5,69639.5,121572.757
2024-03-10 12:00:00+00:00,69639.6,69937.7,68155.0,69001.8,112023.766
2024-03-11 00:00:00+00:00,69001.8,72346.3,67000.0,71558.6,281737.359
2024-03-11 12:00:00+00:00,71558.6,72890.0,71405.2,72153.8,192659.538
2024-03-12 00:00:00+00:00,72153.9,72571.0,71300.0,72098.7,123353.836
2024-03-12 12:00:00+00:00,72098.7,73370.0,68600.0,71503.2,348718.495
2024-03-13 00:00:00+00:00,71503.3,73755.0,71388.1,73149.9,129448.27
2024-03-13 12:00:00+00:00,73149.8,73485.1,71671.1,73127.6,158998.068
2024-03-14 00:00:00+00:00,73127.6,73881.4,72540.5,72939.4,115903.704
2024-03-14 12:00:00+00:00,72939.4,73115.5,68600.0,71455.5,397997.533
2024-03-15 00:00:00+00:00,71455.6,72500.0,65580.0,67818.3,457418.375
2024-03-15 12:00:00+00:00,67818.3,70715.9,67420.0,69552.2,248392.31
2024-03-16 00:00:00+00:00,69552.1,70097.6,67739.6,68300.1,105312.895
2024-03-16 12:00:00+00:00,68300.0,68557.6,64750.0,65351.0,228113.234
2024-03-17 00:00:00+00:00,65351.0,67600.0,64559.8,67015.0,190949.602
2024-03-17 12:00:00+00:00,67014.9,68972.4,66500.0,68447.9,123940.707
2024-03-18 00:00:00+00:00,68447.9,69044.4,66814.6,68307.7,136749.486
2024-03-18 12:00:00+00:00,68307.6,68685.3,66601.6,67660.0,181136.43
2024-03-19 00:00:00+00:00,67660.0,68178.6,62545.0,63137.1,381389.699
2024-03-19 12:00:00+00:00,63137.1,65802.8,61582.8,61974.1,319077.096
2024-03-20 00:00:00+00:00,61974.1,64010.0,60800.0,63432.0,282924.665
2024-03-20 12:00:00+00:00,63432.0,68140.0,62057.7,67876.4,354437.8
2024-03-21 00:00:00+00:00,67876.4,68293.9,66129.0,67082.3,148649.431
2024-03-21 12:00:00+00:00,67082.3,67774.3,64550.1,65539.9,198568.954
2024-03-22 00:00:00+00:00,65539.9,66691.9,64102.0,64268.0,132164.31
2024-03-22 12:00:00+00:00,64268.1,64729.1,62294.0,63826.0,268985.023
2024-03-23 00:00:00+00:00,63826.1,64887.6,63020.2,64674.9,114322.793
2024-03-23 12:00:00+00:00,64674.8,66050.0,63861.9,64020.3,124801.207
2024-03-24 00:00:00+00:00,64020.4,65432.9,63822.0,65371.9,92329.71
2024-03-24 12:00:00+00:00,65371.9,67700.0,64635.0,67260.9,151849.725
2024-03-25 00:00:00+00:00,67260.9,67780.0,66427.6,66855.9,107317.201
2024-03-25 12:00:00+00:00,66855.1,71228.3,66825.5,69920.5,287838.99
2024-03-26 00:00:00+00:00,69920.6,71649.0,69782.2,70734.2,125176.725
2024-03-26 12:00:00+00:00,70734.1,71200.0,69320.0,70044.1,182684.391
2024-03-27 00:00:00+00:00,70044.2,70799.3,69466.4,70290.3,105844.017
2024-03-27 12:00:00+00:00,70290.2,71888.0,68364.8,69532.6,301591.922
2024-03-28 00:00:00+00:00,69532.6,71050.0,68941.0,70707.7,112139.748
2024-03-28 12:00:00+00:00,70707.7,71636.2,70411.0,70838.7,129907.09
2024-03-29 00:00:00+00:00,70838.8,70976.9,69612.8,70182.9,85711.943
2024-03-29 12:00:00+00:00,70183.0,70704.8,69000.0,69903.6,102258.898
2024-03-30 00:00:00+00:00,69903.6,70388.0,69753.3,70237.1,49663.807
2024-03-30 12:00:00+00:00,70237.1,70373.8,69577.2,69642.1,41462.943
2024-03-31 00:00:00+00:00,69642.0,70555.6,69608.0,70442.6,49202.164
2024-03-31 12:00:00+00:00,70442.6,71495.5,70329.6,71363.0,83256.626
2024-04-01 00:00:00+00:00,71363.0,71388.0,68895.5,69520.4,121889.867
2024-04-01 12:00:00+00:00,69520.4,70145.0,68103.3,69700.0,160922.259
2024-04-02 00:00:00+00:00,69700.0,69731.6,65108.0,65684.2,274436.516
2024-04-02 12:00:00+00:00,65684.2,66289.0,64603.2,65505.3,224605.056
2024-04-03 00:00:00+00:00,65502.4,66696.5,64500.0,66094.3,139257.901
2024-04-03 12:00:00+00:00,66094.2,66940.0,65451.1,65971.9,135783.329
2024-04-04 00:00:00+00:00,65971.8,66500.0,65100.0,66361.5,93875.905
2024-04-04 12:00:00+00:00,66361.5,69329.7,66336.6,68489.9,232509.433
2024-04-05 00:00:00+00:00,68489.8,68787.1,66376.0,66502.8,144336.759
2024-04-05 12:00:00+00:00,66502.8,68585.9,65966.0,67825.7,169210.534
2024-04-06 00:00:00+00:00,67825.8,68240.1,67450.0,67655.0,51121.371
2024-04-06 12:00:00+00:00,67654.9,69708.0,67525.0,68901.6,76222.355
2024-04-07 00:00:00+00:00,68901.5,69800.0,68820.6,69366.1,63489.485
2024-04-07 12:00:00+00:00,69366.2,70395.0,68881.3,69362.7,108293.951
2024-04-08 00:00:00+00:00,69362.7,72753.6,69040.4,72472.6,177327.244
2024-04-08 12:00:00+00:00,72472.6,72890.4,71276.0,71678.4,119910.205
2024-04-09 00:00:00+00:00,71678.3,71820.6,69536.8,70858.3,148134.49
2024-04-09 12:00:00+00:00,70858.2,71048.3,68216.0,69189.3,185924.913
2024-04-10 00:00:00+00:00,69189.2,69650.0,68514.0,69094.7,90385.659
2024-04-10 12:00:00+00:00,69094.8,71412.2,67546.2,70681.7,247389.097
2024-04-11 00:00:00+00:00,70681.8,71387.4,69921.1,70043.3,104309.752
2024-04-11 12:00:00+00:00,70043.4,71160.0,69592.6,70055.7,151884.401
2024-04-12 00:00:00+00:00,70055.6,71297.0,70044.4,70950.9,75256.929
2024-04-12 12:00:00+00:00,70950.9,71028.0,65102.0,67136.4,340271.22
2024-04-13 00:00:00+00:00,67136.4,67975.4,65754.6,67377.0,120731.798
2024-04-13 12:00:00+00:00,67377.1,67954.0,59652.5,63939.7,394273.405
2024-04-14 00:00:00+00:00,63939.7,64891.6,62139.3,64150.2,178994.961
2024-04-14 12:00:00+00:00,64150.2,65822.1,62550.0,65615.9,216775.172
2024-04-15 00:00:00+00:00,65615.9,66874.9,64649.2,65848.6,130262.687
2024-04-15 12:00:00+00:00,65848.6,66369.7,62242.5,63392.7,251269.538
2024-04-16 00:00:00+00:00,63392.8,63879.6,61521.0,63064.6,193045.812
2024-04-16 12:00:00+00:00,63064.6,64356.3,61680.0,63765.0,212885.627
2024-04-17 00:00:00+00:00,63764.9,64483.3,62490.0,62576.9,106303.988
2024-04-17 12:00:00+00:00,62576.8,62957.2,59625.0,61254.5,337729.004
2024-04-18 00:00:00+00:00,61254.5,63049.9,60763.8,62563.0,145450.912
2024-04-18 12:00:00+00:00,62563.0,64100.0,61558.0,63445.0,217851.482
2024-04-19 00:00:00+00:00,63445.0,65480.0,59541.0,64839.8,374696.404
2024-04-19 12:00:00+00:00,64839.8,65420.5,62910.0,63787.4,199567.654
2024-04-20 00:00:00+00:00,63787.4,64244.0,63045.1,63688.7,95700.958
2024-04-20 12:00:00+00:00,63688.7,65400.0,63537.3,64897.2,101441.304
2024-04-21 00:00:00+00:00,64897.2,65678.7,64570.5,65203.5,73806.666
2024-04-21 12:00:00+00:00,65203.5,65362.3,64214.2,64912.6,86727.282
2024-04-22 00:00:00+00:00,64912.7,66449.0,64470.5,65856.2,121351.924
2024-04-22 12:00:00+00:00,65856.1,67222.0,65600.7,66778.0,124916.487
2024-04-23 00:00:00+00:00,66777.9,67158.9,65812.0,66023.5,77624.29
2024-04-23 12:00:00+00:00,66023.5,67099.7,65750.0,66386.3,101041.274
2024-04-24 00:00:00+00:00,66386.2,67068.2,66172.0,66550.7,66428.063
2024-04-24 12:00:00+00:00,66550.7,66711.9,63575.0,64250.0,214116.998
2024-04-25 00:00:00+00:00,64250.0,64713.6,63300.0,63826.9,100271.114
2024-04-25 12:00:00+00:00,63827.0,65270.6,62721.3,64478.8,174939.948
2024-04-26 00:00:00+00:00,64478.8,64649.7,63844.0,64213.6,75089.797
2024-04-26 12:00:00+00:00,64213.6,64783.1,63291.5,63748.8,127060.016
2024-04-27 00:00:00+00:00,63748.7,63901.4,62332.8,62834.5,91451.105
2024-04-27 12:00:00+00:00,62834.4,63624.4,62700.2,63421.0,75898.004
2024-04-28 00:00:00+00:00,63420.9,64350.0,63230.7,63459.1,64274.317
2024-04-28 12:00:00+00:00,63459.0,63973.9,62700.0,63088.3,61781.834
2024-04-29 00:00:00+00:00,63088.4,63337.8,61888.0,62222.9,96989.462
2024-04-29 12:00:00+00:00,62222.6,64200.0,61726.2,63842.4,131421.701
2024-04-30 00:00:00+00:00,63842.4,64700.0,61000.0,61182.3,168987.058
2024-04-30 12:00:00+00:00,61182.3,61576.1,59150.0,60651.2,239760.645
2024-05-01 00:00:00+00:00,60651.2,60816.7,56537.7,57862.1,258744.994
2024-05-01 12:00:00+00:00,57862.2,59438.2,56600.0,58307.6,305363.406
2024-05-02 00:00:00+00:00,58307.7,58696.6,56951.6,58538.4,127621.024
2024-05-02 12:00:00+00:00,58538.5,59637.3,58186.7,59036.7,171608.278
2024-05-03 00:00:00+00:00,59036.7,59976.9,58781.3,59269.3,92073.301
2024-05-03 12:00:00+00:00,59269.4,63333.0,58970.5,62853.7,261533.158
2024-05-04 00:00:00+00:00,62853.7,64547.9,62520.0,63850.0,127671.219
2024-05-04 12:00:00+00:00,63850.0,64198.9,63278.1,63864.2,77533.98
2024-05-05 00:00:00+00:00,63864.3,64170.6,62833.0,63838.0,83108.17
2024-05-05 12:00:00+00:00,63838.1,64644.3,63520.3,63988.0,102387.483
2024-05-06 00:00:00+00:00,63987.9,65500.0,63666.0,64178.1,142344.121
2024-05-06 12:00:00+00:00,64178.1,64295.1,62655.3,63142.8,162765.946
2024-05-07 00:00:00+00:00,63142.7,64392.2,62805.6,63472.4,109944.405
2024-05-07 12:00:00+00:00,63472.4,64320.0,62203.6,62296.0,129030.241
2024-05-08 00:00:00+00:00,62296.0,62994.9,62005.8,62224.9,89080.452
2024-05-08 12:00:00+00:00,62224.9,62800.0,60843.6,61157.9,152571.127
2024-05-09 00:00:00+00:00,61157.9,61779.0,60550.0,61033.0,86054.538
2024-05-09 12:00:00+00:00,61033.0,63447.2,60846.7,63050.1,156396.764
2024-05-10 00:00:00+00:00,63050.0,63365.5,62633.2,63276.5,71110.337
2024-05-10 12:00:00+00:00,63276.5,63446.5,60117.4,60778.1,236104.623
2024-05-11 00:00:00+00:00,60778.0,61079.4,60432.6,60654.5,55048.499
2024-05-11 12:00:00+00:00,60654.6,61491.4,60602.6,60809.2,58246.288
2024-05-12 00:00:00+00:00,60809.2,61361.9,60557.3,61120.0,42917.009
2024-05-12 12:00:00+00:00,61120.1,61849.4,60870.0,61455.8,61126.888
2024-05-13 00:00:00+00:00,61455.7,63289.3,60750.0,62700.0,162041.614
2024-05-13 12:00:00+00:00,62699.9,63440.0,62400.0,62912.1,99885.459
2024-05-14 00:00:00+00:00,62912.2,63099.6,61373.2,61770.2,105921.828
2024-05-14 12:00:00+00:00,61770.2,62295.9,60950.0,61550.5,138423.446
2024-05-15 00:00:00+00:00,61550.5,62972.7,61316.1,62447.4,93752.876
2024-05-15 12:00:00+00:00,62447.3,66440.0,62371.5,66175.4,271278.804
2024-05-16 00:00:00+00:00,66175.4,66644.0,65633.0,66483.8,81550.827
2024-05-16 12:00:00+00:00,66483.8,66800.0,64567.0,65217.7,160904.497
2024-05-17 00:00:00+00:00,65217.7,66550.0,65061.2,66182.7,95805.155
2024-05-17 12:00:00+00:00,66182.6,67400.6,65773.8,66980.0,131258.764
2024-05-18 00:00:00+00:00,66980.0,67340.5,66696.1,67152.4,50460.089
2024-05-18 12:00:00+00:00,67152.5,67198.7,66503.2,66884.9,46471.459
2024-05-19 00:00:00+00:00,66884.9,67750.0,66810.0,67303.3,67687.041
2024-05-19 12:00:00+00:00,67303.4,67303.4,65835.8,66239.4,80483.309
2024-05-20 00:00:00+00:00,66239.4,67341.4,66010.0,66974.0,92424.704
2024-05-20 12:00:00+00:00,66974.0,71674.6,66716.3,71466.5,273603.374
2024-05-21 00:00:00+00:00,71466.5,72132.8,70740.8,71163.0,119125.476
2024-05-21 12:00:00+00:00,71163.0,71487.6,69165.6,70168.8,144548.851
2024-05-22 00:00:00+00:00,70168.7,70423.2,69242.0,69770.3,71268.572
2024-05-22 12:00:00+00:00,69770.3,70715.4,68736.8,69219.1,122891.922
2024-05-23 00:00:00+00:00,69219.2,70100.0,69219.1,70019.5,56971.274
2024-05-23 12:00:00+00:00,70019.4,70133.3,66156.6,67999.9,243122.348
2024-05-24 00:00:00+00:00,67999.9,68042.9,66639.0,67383.4,80908.621
2024-05-24 12:00:00+00:00,67383.3,69273.5,66952.6,68584.1,105772.461
2024-05-25 00:00:00+00:00,68584.0,69622.8,68523.7,69112.5,46573.559
2024-05-25 12:00:00+00:00,69112.4,69394.6,68844.1,69314.4,38540.046
2024-05-26 00:00:00+00:00,69314.5,69590.3,68830.0,69160.3,35967.139
2024-05-26 12:00:00+00:00,69160.3,69425.2,68155.0,68524.3,48102.685
2024-05-27 00:00:00+00:00,68524.4,69331.6,68268.7,68462.9,57809.911
2024-05-27 12:00:00+00:00,68463.0,70750.0,68401.2,69461.6,112481.445
2024-05-28 00:00:00+00:00,69461.5,69628.0,67500.0,68411.3,124658.469
2024-05-28 12:00:00+00:00,68411.3,68710.0,67273.0,68440.5,103179.971
2024-05-29 00:00:00+00:00,68440.4,68983.0,67631.0,67816.9,66059.769
2024-05-29 12:00:00+00:00,67816.8,68330.6,67129.0,67686.7,92176.83
2024-05-30 00:00:00+00:00,67686.8,68479.0,67167.0,67855.7,82021.655
2024-05-30 12:00:00+00:00,67855.8,69568.9,67792.4,68402.5,112552.244
2024-05-31 00:00:00+00:00,68402.6,68782.0,67908.4,68387.8,54385.759
2024-05-31 12:00:00+00:00,68387.9,69080.0,66700.5,67577.9,141365.993
2024-06-01 00:00:00+00:00,67577.9,67857.5,67480.0,67704.0,25806.826
2024-06-01 12:00:00+00:00,67704.0,67936.0,67590.0,67799.2,25136.232
2024-06-02 00:00:00+00:00,67799.2,68367.9,67410.0,68284.1,35192.076
2024-06-02 12:00:00+00:00,68284.0,68545.9,67296.3,67805.9,67002.642
2024-06-03 00:00:00+00:00,67805.9,69385.0,67642.6,69125.5,91222.996
2024-06-03 12:00:00+00:00,69125.5,70372.9,68554.7,68851.4,136453.934
2024-06-04 00:00:00+00:00,68851.3,69408.2,68595.5,68992.8,58919.327
2024-06-04 12:00:00+00:00,68992.8,71146.4,68882.4,70580.0,157180.689
2024-06-05 00:00:00+00:00,70580.0,71430.0,70462.8,71008.4,82892.973
2024-06-05 12:00:00+00:00,71008.4,71824.4,70423.6,71133.3,121099.061
2024-06-06 00:00:00+00:00,71133.3,71280.0,70850.0,71219.2,41890.668
2024-06-06 12:00:00+00:00,71219.3,71714.8,70101.9,70830.0,116592.896
2024-06-07 00:00:00+00:00,70830.0,71773.3,70700.0,71750.0,61085.838
2024-06-07 12:00:00+00:00,71749.9,72144.0,68405.0,69377.0,238326.532
2024-06-08 00:00:00+00:00,69377.0,69613.6,69257.9,69404.5,33115.796
2024-06-08 12:00:00+00:00,69404.5,69540.0,69192.3,69346.5,32624.061
2024-06-09 00:00:00+00:00,69346.6,69461.9,69160.0,69400.6,20712.059
2024-06-09 12:00:00+00:00,69400.6,69879.0,69284.8,69667.1,47312.041
2024-06-10 00:00:00+00:00,69667.1,69833.0,69201.2,69506.7,45117.369
2024-06-10 12:00:00+00:00,69506.6,70222.7,69255.1,69558.7,82264.235
2024-06-11 00:00:00+00:00,69558.8,69600.0,66689.5,66919.6,177619.845
2024-06-11 12:00:00+00:00,66919.6,67605.0,66000.0,67320.7,134365.097
2024-06-12 00:00:00+00:00,67320.6,68065.3,66920.0,67789.9,64883.483
2024-06-12 12:00:00+00:00,67790.0,70028.0,67215.2,68270.3,265034.977
2024-06-13 00:00:00+00:00,68270.3,68400.0,66957.0,67744.6,91596.025
2024-06-13 12:00:00+00:00,67744.6,68607.7,66251.1,66786.9,156759.436
2024-06-14 00:00:00+00:00,66786.8,67250.0,66471.3,67034.2,61393.728
2024-06-14 12:00:00+00:00,67034.1,67366.5,65052.4,66039.7,178017.503
2024-06-15 00:00:00+00:00,66039.7,66421.5,65979.6,66305.2,37555.55
2024-06-15 12:00:00+00:00,66305.2,66482.6,65801.0,66213.7,34868.205
2024-06-16 00:00:00+00:00,66213.7,66780.0,66012.1,66471.4,37702.336
2024-06-16 12:00:00+00:00,66471.4,66960.3,66432.9,66653.6,42659.215
2024-06-17 00:00:00+00:00,66653.5,66915.4,65511.6,65791.8,90864.927
2024-06-17 12:00:00+00:00,65791.9,67280.6,65094.9,66472.1,157555.86
2024-06-18 00:00:00+00:00,66472.1,66558.9,64565.0,65339.2,145173.402
2024-06-18 12:00:00+00:00,65339.2,65410.1,64009.8,65150.0,190385.992
2024-06-19 00:00:00+00:00,65149.9,65711.9,64777.1,65181.9,92661.809
2024-06-19 12:00:00+00:00,65182.0,65279.9,64600.0,64933.6,57370.86
2024-06-20 00:00:00+00:00,64933.6,66467.0,64804.7,66150.0,91841.503
2024-06-20 12:00:00+00:00,66150.0,66289.4,64526.0,64854.0,129113.173
2024-06-21 00:00:00+00:00,64854.0,65055.5,63485.0,63745.5,103229.82
2024-06-21 12:00:00+00:00,63745.1,64448.9,63361.2,64124.0,106879.781
2024-06-22 00:00:00+00:00,64124.1,64520.0,63915.8,64245.0,37513.147
2024-06-22 12:00:00+00:00,64244.9,64390.3,64200.2,64240.0,16342.715
2024-06-23 00:00:00+00:00,64240.1,64500.0,64211.7,64310.7,20927.408
2024-06-23 12:00:00+00:00,64310.7,64409.1,63137.9,63194.9,51124.885
2024-06-24 00:00:00+00:00,63194.9,63357.0,60500.0,61257.3,203413.609
2024-06-24 12:00:00+00:00,61257.3,61677.0,58218.0,60273.6,242489.575
2024-06-25 00:00:00+00:00,60273.5,61587.4,60230.5,61170.7,109830.999
2024-06-25 12:00:00+00:00,61170.7,62448.1,60941.9,61777.8,154816.318
2024-06-26 00:00:00+00:00,61777.9,62465.1,61150.0,61427.2,69361.312
2024-06-26 12:00:00+00:00,61427.3,61959.4,60696.0,60860.1,101239.868
2024-06-27 00:00:00+00:00,60860.1,61500.0,60605.0,61188.5,57279.46
2024-06-27 12:00:00+00:00,61188.5,62379.7,61137.7,61682.0,102893.022
2024-06-28 00:00:00+00:00,61682.1,62204.0,61181.9,61671.5,69352.059
2024-06-28 12:00:00+00:00,61671.5,61868.1,60038.0,60429.8,126156.066
2024-06-29 00:00:00+00:00,60429.8,61232.0,60400.1,61111.0,53444.284
2024-06-29 12:00:00+00:00,61110.9,61188.6,60883.1,60982.4,26236.005
2024-06-30 00:00:00+00:00,60982.5,61798.2,60705.0,61555.6,59356.367
2024-06-30 12:00:00+00:00,61555.6,63058.4,61325.0,62766.0,88421.548
2024-07-01 00:00:00+00:00,62766.1,63800.0,62562.0,62657.9,89754.022
2024-07-01 12:00:00+00:00,62657.9,63849.0,62502.2,62883.6,104183.916
2024-07-02 00:00:00+00:00,62883.7,63284.0,62387.0,62823.3,59839.884
2024-07-02 12:00:00+00:00,62823.3,63167.4,61800.0,62123.6,103261.359
2024-07-03 00:00:00+00:00,62123.5,62278.2,59515.1,60384.9,159785.666
2024-07-03 12:00:00+00:00,60384.9,60700.0,59299.3,60208.0,135517.599
2024-07-04 00:00:00+00:00,60208.0,60500.0,56917.5,57748.4,243370.602
2024-07-04 12:00:00+00:00,57748.4,58800.0,56560.0,57045.9,202285.675
2024-07-05 00:00:00+00:00,57045.9,57533.4,53329.5,55458.9,371319.01
2024-07-05 12:00:00+00:00,55459.0,57000.0,54822.9,56604.9,205874.585
2024-07-06 00:00:00+00:00,56604.9,56975.0,56000.0,56713.2,74855.058
2024-07-06 12:00:00+00:00,56713.2,58472.0,56475.7,58216.0,103724.964
2024-07-07 00:00:00+00:00,58216.0,58443.0,57041.7,57436.9,99937.357
2024-07-07 12:00:00+00:00,57436.9,57600.0,55688.0,55830.9,110424.624
2024-07-08 00:00:00+00:00,55831.0,58200.0,54243.1,57137.3,261855.562
2024-07-08 12:00:00+00:00,57137.3,57629.3,54890.0,56686.4,202251.395
2024-07-09 00:00:00+00:00,56686.4,57899.9,56256.2,57407.1,124032.458
2024-07-09 12:00:00+00:00,57407.1,58290.6,56862.9,58023.2,133204.59
2024-07-10 00:00:00+00:00,58023.1,59449.6,57315.9,58469.4,136037.186
2024-07-10 12:00:00+00:00,58469.4,58544.5,57125.0,57707.0,118211.751
2024-07-11 00:00:00+00:00,57707.0,58887.0,57030.0,58754.1,108949.315
2024-07-11 12:00:00+00:00,58754.0,59780.0,57118.0,57315.5,184157.644
2024-07-12 00:00:00+00:00,57315.7,57554.4,56500.1,57188.8,103455.135
2024-07-12 12:00:00+00:00,57188.7,58500.0,57066.0,57870.0,134645.481
2024-07-13 00:00:00+00:00,57870.0,58900.0,57728.6,58513.9,60918.403
2024-07-13 12:00:00+00:00,58514.0,59850.0,58254.5,59174.0,96965.919
2024-07-14 00:00:00+00:00,59173.9,60397.2,59164.0,60079.0,105465.758
2024-07-14 12:00:00+00:00,60079.0,61412.4,59438.0,60766.0,102595.125
2024-07-15 00:00:00+00:00,60766.0,63239.2,60622.6,62431.9,168649.616
2024-07-15 12:00:00+00:00,62432.0,64870.7,62419.5,64680.6,183572.565
2024-07-16 00:00:00+00:00,64680.6,64988.8,62350.0,63719.8,186307.433
2024-07-16 12:00:00+00:00,63719.8,65388.0,63031.5,65010.0,188951.183
2024-07-17 00:00:00+00:00,65010.0,66100.0,64531.0,64700.0,133364.903
2024-07-17 12:00:00+00:00,64699.9,65379.8,63823.0,64055.7,143291.49
2024-07-18 00:00:00+00:00,64055.8,65173.8,63871.2,64728.9,78176.838
2024-07-18 12:00:00+00:00,64729.0,65098.9,63206.4,63959.9,137471.319
2024-07-19 00:00:00+00:00,63960.0,64469.3,63266.2,64095.2,94355.192
2024-07-19 12:00:00+00:00,64095.6,67362.8,64010.1,66627.9,217504.613
2024-07-20 00:00:00+00:00,66627.9,66797.0,66159.1,66445.9,44804.11
2024-07-20 12:00:00+00:00,66446.0,67648.7,66241.4,67095.6,78760.296
2024-07-21 00:00:00+00:00,67095.6,67400.0,66560.0,66845.4,43059.039
2024-07-21 12:00:00+00:00,66845.4,68351.2,65750.0,68138.0,164169.333
2024-07-22 00:00:00+00:00,68138.0,68459.7,66904.2,67479.1,77003.03
2024-07-22 12:00:00+00:00,67479.1,68228.6,66538.6,67499.2,115988.361
2024-07-23 00:00:00+00:00,67499.2,67729.3,66216.1,66641.0,100570.94
2024-07-23 12:00:00+00:00,66641.0,67338.0,65416.5,65916.4,169859.74
2024-07-24 00:00:00+00:00,65916.3,66590.0,65450.8,66345.7,68121.487
2024-07-24 12:00:00+00:00,66345.7,67087.3,65040.5,65350.8,146957.934
2024-07-25 00:00:00+00:00,65350.7,65606.3,63800.0,64082.6,147595.539
2024-07-25 12:00:00+00:00,64082.6,66144.0,63456.7,65773.0,172089.902
2024-07-26 00:00:00+00:00,65773.0,67470.4,65688.2,67293.9,106739.847
2024-07-26 12:00:00+00:00,67293.9,68200.0,66865.7,67882.5,128644.679
2024-07-27 00:00:00+00:00,67882.5,68278.8,67588.3,68184.7,47449.082
2024-07-27 12:00:00+00:00,68184.7,69381.7,66624.5,67873.8,283533.565
2024-07-28 00:00:00+00:00,67873.7,68246.6,67037.0,67800.0,66393.781
2024-07-28 12:00:00+00:00,67800.1,68300.0,67527.4,68215.5,50520.154
2024-07-29 00:00:00+00:00,68215.5,69872.6,68130.1,69549.9,116171.497
2024-07-29 12:00:00+00:00,69549.8,70081.0,66365.8,66750.0,256366.321
2024-07-30 00:00:00+00:00,66750.1,66966.6,65820.0,66532.5,101189.569
2024-07-30 12:00:00+00:00,66532.6,66923.8,65254.5,66159.3,145361.475
2024-07-31 00:00:00+00:00,66159.3,66540.8,65459.4,66062.6,80018.528
2024-07-31 12:00:00+00:00,66062.7,66826.3,64500.4,64601.8,166370.918
2024-08-01 00:00:00+00:00,64601.8,64824.4,63559.5,64645.3,116854.771
2024-08-01 12:00:00+00:00,64645.2,65650.0,62271.2,65328.9,255799.819
2024-08-02 00:00:00+00:00,65329.0,65577.0,63630.6,64640.0,120905.808
2024-08-02 12:00:00+00:00,64640.0,65534.3,61200.2,61483.7,300722.612
2024-08-03 00:00:00+00:00,61483.7,61986.3,60473.3,61884.8,104705.266
2024-08-03 12:00:00+00:00,61884.7,62166.0,59800.0,60684.6,185764.69
2024-08-04 00:00:00+00:00,60684.5,61089.5,60080.5,60880.1,67122.726
2024-08-04 12:00:00+00:00,60880.1,61064.6,57040.0,58144.5,272389.689
2024-08-05 00:00:00+00:00,58144.5,58286.9,48888.0,51316.8,751760.322
2024-08-05 12:00:00+00:00,51316.7,55523.0,49501.0,54003.1,530221.703
2024-08-06 00:00:00+00:00,54003.5,56254.8,53925.3,55188.0,191330.548
2024-08-06 12:00:00+00:00,55188.0,56999.9,54288.0,55991.2,244622.891
2024-08-07 00:00:00+00:00,55991.3,57699.0,55516.3,56938.0,160002.449
2024-08-07 12:00:00+00:00,56938.0,57454.0,54519.8,55102.9,217440.091
2024-08-08 00:00:00+00:00,55102.9,57688.8,54672.4,57292.3,143565.833
2024-08-08 12:00:00+00:00,57292.4,62737.2,56645.0,61659.8,326551.675
2024-08-09 00:00:00+00:00,61659.8,61726.0,60150.0,60633.5,122645.619
2024-08-09 12:00:00+00:00,60633.5,61089.7,59500.0,60808.6,186028.72
2024-08-10 00:00:00+00:00,60808.6,61450.0,60208.5,60892.4,66439.678
2024-08-10 12:00:00+00:00,60892.3,61200.0,60360.0,60889.9,49153.676
2024-08-11 00:00:00+00:00,60889.8,62000.0,60380.1,60637.6,72804.178
2024-08-11 12:00:00+00:00,60637.5,60736.6,58255.4,58693.1,129734.898
2024-08-12 00:00:00+00:00,58693.1,59937.8,57615.0,59809.2,136461.171
2024-08-12 12:00:00+00:00,59809.2,60666.0,57774.0,59323.6,230665.119
2024-08-13 00:00:00+00:00,59323.7,59895.0,58360.0,58803.0,79787.228
2024-08-13 12:00:00+00:00,58803.0,61545.0,58668.0,60550.5,176147.493
2024-08-14 00:00:00+00:00,60550.4,61419.2,60390.0,61260.7,69093.544
2024-08-14 12:00:00+00:00,61260.6,61839.7,58367.2,58648.1,226569.264
2024-08-15 00:00:00+00:00,58648.1,59021.0,57679.6,58712.1,99646.581
2024-08-15 12:00:00+00:00,58712.0,59820.0,55969.0,57511.0,261169.365
2024-08-16 00:00:00+00:00,57511.1,58656.2,57062.1,58369.3,97279.669
2024-08-16 12:00:00+00:00,58369.4,59780.2,57500.0,58854.9,171476.86
2024-08-17 00:00:00+00:00,58854.9,59450.1,58769.4,59106.5,38870.51
2024-08-17 12:00:00+00:00,59106.5,59690.2,59065.6,59468.5,38215.022
2024-08-18 00:00:00+00:00,59468.5,60249.8,59214.0,59991.3,78375.898
2024-08-18 12:00:00+00:00,59991.3,60250.0,58352.0,58390.0,71284.366
2024-08-19 00:00:00+00:00,58390.1,58736.6,57750.0,58360.9,95004.165
2024-08-19 12:00:00+00:00,58360.8,59585.4,58019.4,59398.5,119038.974
2024-08-20 00:00:00+00:00,59398.4,61386.0,59324.2,60494.9,113616.832
2024-08-20 12:00:00+00:00,60494.9,60920.5,58501.1,58982.9,173432.298
2024-08-21 00:00:00+00:00,58982.7,59893.0,58728.9,59332.4,67962.379
2024-08-21 12:00:00+00:00,59332.3,61793.9,58801.1,61120.0,202621.3
2024-08-22 00:00:00+00:00,61120.0,61392.0,59677.6,61297.0,97657.297
2024-08-22 12:00:00+00:00,61296.9,61364.0,60060.3,60349.9,113441.662
2024-08-23 00:00:00+00:00,60349.9,61370.0,60301.5,60710.2,74369.186
2024-08-23 12:00:00+00:00,60710.1,65000.0,60710.1,64019.9,308121.523
2024-08-24 00:00:00+00:00,64020.0,64472.5,63600.0,63881.7,64271.764
2024-08-24 12:00:00+00:00,63881.7,64414.2,63522.7,64116.5,68470.138
2024-08-25 00:00:00+00:00,64116.6,64549.0,63731.3,63851.7,50537.764
2024-08-25 12:00:00+00:00,63851.7,65175.4,63777.0,64190.2,65009.124
2024-08-26 00:00:00+00:00,64190.1,64455.8,63074.5,63816.6,77955.237
2024-08-26 12:00:00+00:00,63816.6,63934.7,62750.2,62807.6,118021.985
2024-08-27 00:00:00+00:00,62807.7,63196.0,62200.2,62392.5,89226.245
2024-08-27 12:00:00+00:00,62392.4,62485.2,57928.2,59384.5,250043.56
2024-08-28 00:00:00+00:00,59384.4,60197.8,58475.2,59900.1,118237.776
2024-08-28 12:00:00+00:00,59900.2,60131.0,57820.0,59010.0,195550.791
2024-08-29 00:00:00+00:00,59010.0,60450.0,58834.0,60040.0,70934.824
2024-08-29 12:00:00+00:00,60040.0,61144.9,58655.0,59323.2,162961.861
2024-08-30 00:00:00+00:00,59323.3,59637.4,58650.0,59367.0,77381.846
2024-08-30 12:00:00+00:00,59367.0,59914.9,57525.0,59096.3,190894.623
2024-08-31 00:00:00+00:00,59096.4,59436.0,58795.4,59093.1,33839.335
2024-08-31 12:00:00+00:00,59093.1,59215.8,58700.0,58941.9,35027.339
2024-09-01 00:00:00+00:00,58941.9,59052.7,57728.6,58208.0,81843.127
2024-09-01 12:00:00+00:00,58208.1,58787.2,57123.0,57268.1,141066.787
2024-09-02 00:00:00+00:00,57268.1,58639.0,57093.0,58396.0,112399.023
2024-09-02 12:00:00+00:00,58395.9,59412.3,58075.0,59112.1,88819.361
2024-09-03 00:00:00+00:00,59112.2,59790.0,58668.5,59038.6,75454.138
2024-09-03 12:00:00+00:00,59038.5,59332.9,57320.0,57451.9,154742.359
2024-09-04 00:00:00+00:00,57452.0,57920.0,55555.0,56536.2,156887.588
2024-09-04 12:00:00+00:00,56536.1,58500.0,56154.0,57944.8,170095.723
2024-09-05 00:00:00+00:00,57944.8,58318.9,56500.8,56666.1,108853.643
2024-09-05 12:00:00+00:00,56666.1,57300.0,55600.0,56145.7,185849.949
2024-09-06 00:00:00+00:00,56145.7,56836.7,55250.0,55972.1,117202.831
2024-09-06 12:00:00+00:00,55972.1,57000.0,52510.8,53927.7,361860.282
2024-09-07 00:00:00+00:00,53927.7,54472.8,53725.0,54298.9,59928.836
2024-09-07 12:00:00+00:00,54299.0,54820.2,53778.1,54134.9,67757.758
2024-09-08 00:00:00+00:00,54134.9,54700.0,53937.0,54528.6,45737.031
2024-09-08 12:00:00+00:00,54528.7,55300.0,53596.5,54839.6,116341.505
2024-09-09 00:00:00+00:00,54839.6,55549.0,54557.0,55236.8,95622.118
2024-09-09 12:00:00+00:00,55236.7,58153.2,54755.0,57010.0,217472.243
2024-09-10 00:00:00+00:00,57010.1,57366.0,56361.0,57190.1,80235.142
2024-09-10 12:00:00+00:00,57190.1,58033.2,56485.0,57609.1,148082.534
2024-09-11 00:00:00+00:00,57609.2,57729.0,56050.0,56768.9,120375.876
2024-09-11 12:00:00+00:00,56768.9,57954.4,55515.2,57306.0,217855.569
2024-09-12 00:00:00+00:00,57305.6,58465.4,57283.1,58031.7,96593.308
2024-09-12 12:00:00+00:00,58031.7,58606.6,57310.0,58097.0,164856.38
2024-09-13 00:00:00+00:00,58097.1,58321.9,57708.0,57852.6,57978.338
2024-09-13 12:00:00+00:00,57852.6,60597.0,57594.0,60456.2,219451.154
2024-09-14 00:00:00+00:00,60456.2,60572.9,59577.7,59680.0,52319.79
2024-09-14 12:00:00+00:00,59680.1,60135.8,59360.1,59964.0,50260.787
2024-09-15 00:00:00+00:00,59963.9,60247.9,59848.6,59977.0,30051.559
2024-09-15 12:00:00+00:00,59977.0,60369.4,58654.0,59100.5,100472.647
2024-09-16 00:00:00+00:00,59100.5,59182.2,58079.7,58630.0,109203.411
2024-09-16 12:00:00+00:00,58630.1,58766.0,57446.3,58187.0,141496.021
2024-09-17 00:00:00+00:00,58187.0,59274.4,57588.8,59055.1,88032.29
2024-09-17 12:00:00+00:00,59055.0,61345.0,58850.0,60281.0,230409.776
2024-09-18 00:00:00+00:00,60281.0,60747.7,59360.1,59824.6,88541.687
2024-09-18 12:00:00+00:00,59824.5,61765.0,59138.0,61735.3,267187.625
2024-09-19 00:00:00+00:00,61735.3,62697.0,61534.0,62604.5,134596.654
2024-09-19 12:00:00+00:00,62604.5,63830.1,62540.3,62926.9,167785.758
2024-09-20 00:00:00+00:00,62926.9,64126.7,62579.2,63417.1,120031.303
2024-09-20 12:00:00+00:00,63417.2,63528.7,62320.0,63175.7,137141.532
2024-09-21 00:00:00+00:00,63175.8,63282.0,62714.2,63058.0,38846.487
2024-09-21 12:00:00+00:00,63058.0,63546.9,62995.2,63320.6,39401.875
2024-09-22 00:00:00+00:00,63320.6,63423.7,62520.2,62751.4,52869.167
2024-09-22 12:00:00+00:00,62751.4,64000.0,62339.0,63558.4,96260.717
2024-09-23 00:00:00+00:00,63558.5,64724.8,62534.4,63399.0,131497.983
2024-09-23 12:00:00+00:00,63398.9,63790.0,63033.9,63302.0,102845.581
2024-09-24 00:00:00+00:00,63302.1,63925.5,62688.2,63446.3,85962.596
2024-09-24 12:00:00+00:00,63446.3,64666.0,62695.0,64243.1,151025.032
2024-09-25 00:00:00+00:00,64243.2,64800.0,63376.0,63808.1,86306.299
2024-09-25 12:00:00+00:00,63808.1,63971.0,62910.0,63118.4,98644.473
2024-09-26 00:00:00+00:00,63118.3,64500.0,62634.4,64373.0,106337.683
2024-09-26 12:00:00+00:00,64372.9,65800.0,64127.1,65139.2,214848.673
2024-09-27 00:00:00+00:00,65139.1,65968.1,64788.0,65408.2,93146.594
2024-09-27 12:00:00+00:00,65408.3,66450.0,65287.6,65749.6,133257.427
2024-09-28 00:00:00+00:00,65749.5,66237.0,65392.7,65761.5,47747.031
2024-09-28 12:00:00+00:00,65761.5,65980.0,65368.1,65822.6,45026.522
2024-09-29 00:00:00+00:00,65822.7,65954.5,65400.0,65670.4,36577.094
2024-09-29 12:00:00+00:00,65670.4,66059.3,65480.0,65568.1,51554.705
2024-09-30 00:00:00+00:00,65568.2,65588.8,63222.0,63794.4,171322.527
2024-09-30 12:00:00+00:00,63794.4,64130.8,62825.0,63309.1,125525.846
2024-10-01 00:00:00+00:00,63309.0,64092.6,63000.0,63699.9,72255.637
2024-10-01 12:00:00+00:00,63700.0,63784.0,60128.2,60776.8,357562.198
2024-10-02 00:00:00+00:00,60776.7,61926.7,60703.3,61140.8,106731.131
2024-10-02 12:00:00+00:00,61140.8,62355.0,59934.9,60622.6,220270.674
2024-10-03 00:00:00+00:00,60622.7,61452.6,60101.5,60733.0,110528.128
2024-10-03 12:00:00+00:00,60732.9,61073.7,59815.0,60727.2,175609.084
2024-10-04 00:00:00+00:00,60727.1,61616.0,60434.1,61423.0,75228.882
2024-10-04 12:00:00+00:00,61423.0,62457.1,60700.5,62054.4,159566.954
2024-10-05 00:00:00+00:00,62054.3,62298.2,61648.0,62149.1,36592.458
2024-10-05 12:00:00+00:00,62149.1,62344.0,61671.9,62023.1,37738.323
2024-10-06 00:00:00+00:00,62023.1,62139.8,61778.9,62067.1,24405.027
2024-10-06 12:00:00+00:00,62067.0,62961.5,62027.0,62789.3,72008.426
2024-10-07 00:00:00+00:00,62789.2,63950.0,62620.1,63114.1,118474.926
2024-10-07 12:00:00+00:00,63114.1,64448.2,62091.8,62190.7,180474.449
2024-10-08 00:00:00+00:00,62190.6,62794.0,61941.0,62595.7,84368.636
2024-10-08 12:00:00+00:00,62595.8,63178.7,61836.0,62131.7,141907.723
2024-10-09 00:00:00+00:00,62131.8,62520.9,61962.8,62177.8,50495.602
2024-10-09 12:00:00+00:00,62177.7,62386.0,60251.9,60606.4,166806.571
2024-10-10 00:00:00+00:00,60606.3,61297.0,60309.0,61235.9,68963.937
2024-10-10 12:00:00+00:00,61235.9,61294.7,58900.0,60293.2,193983.716
2024-10-11 00:00:00+00:00,60293.3,61228.9,60057.8,61140.0,74760.055
2024-10-11 12:00:00+00:00,61140.1,63400.0,61091.8,62509.0,188931.087
2024-10-12 00:00:00+00:00,62509.0,63248.0,62458.0,62900.3,50907.617
2024-10-12 12:00:00+00:00,62900.4,63462.6,62781.0,63176.0,51876.789
2024-10-13 00:00:00+00:00,63176.0,63260.0,62486.1,62528.5,45148.75
2024-10-13 12:00:00+00:00,62528.4,63118.3,62020.0,62839.8,84547.406
2024-10-14 00:00:00+00:00,62839.7,65221.6,62420.0,64899.4,166334.185
2024-10-14 12:00:00+00:00,64899.5,66533.0,64630.0,66064.9,171917.416
2024-10-15 00:00:00+00:00,66064.9,66312.4,65200.1,65385.3,85039.939
2024-10-15 12:00:00+00:00,65385.3,67953.7,64771.7,67044.1,336965.572
2024-10-16 00:00:00+00:00,67044.0,68400.0,66724.2,67872.3,122877.754
2024-10-16 12:00:00+00:00,67872.3,68299.9,67076.0,67592.0,131275.747
2024-10-17 00:00:00+00:00,67592.0,67925.9,66766.0,66853.6,85870.139
2024-10-17 12:00:00+00:00,66853.5,67673.9,66600.0,67401.5,134402.698
2024-10-18 00:00:00+00:00,67401.5,68371.0,67165.0,67692.7,98892.894
2024-10-18 12:00:00+00:00,67692.7,69000.0,67629.0,68407.8,146408.867
2024-10-19 00:00:00+00:00,68407.8,68684.9,68042.5,68071.6,36835.29
2024-10-19 12:00:00+00:00,68071.6,68401.6,68000.0,68357.1,31796.818
2024-10-20 00:00:00+00:00,68357.1,68498.0,68069.8,68396.3,27217.814
2024-10-20 12:00:00+00:00,68396.4,69425.8,68176.7,69020.1,78721.678
2024-10-21 00:00:00+00:00,69020.2,69566.0,68136.0,68250.9,91200.143
2024-10-21 12:00:00+00:00,68250.8,68350.8,66865.9,67368.8,162237.19
2024-10-22 00:00:00+00:00,67368.7,67784.9,66536.5,67280.6,101245.876
2024-10-22 12:00:00+00:00,67280.6,67825.0,66613.0,67406.4,117273.101
2024-10-23 00:00:00+00:00,67406.5,67449.0,66150.0,66406.1,84640.607
2024-10-23 12:00:00+00:00,66406.1,66921.7,65222.3,66647.2,163574.451
2024-10-24 00:00:00+00:00,66647.3,67615.3,66482.0,67276.3,83329.045
2024-10-24 12:00:00+00:00,67276.3,68842.5,67243.3,68173.8,129011.677
2024-10-25 00:00:00+00:00,68173.8,68256.5,67222.4,68081.6,81230.694
2024-10-25 12:00:00+00:00,68081.6,68748.0,65557.2,66662.8,267281.177
2024-10-26 00:00:00+00:00,66662.7,67250.0,66414.1,67110.1,53642.692
2024-10-26 12:00:00+00:00,67110.2,67450.0,66708.0,67071.8,40527.3
2024-10-27 00:00:00+00:00,67071.9,67297.2,66909.4,67101.1,22421.375
2024-10-27 12:00:00+00:00,67101.0,68306.1,67095.0,67992.6,66047.433
2024-10-28 00:00:00+00:00,67992.7,68820.9,67584.2,68731.1,80013.747
2024-10-28 12:00:00+00:00,68731.1,70331.0,68390.6,69940.0,188158.602
2024-10-29 00:00:00+00:00,69939.9,71607.0,69733.0,71440.1,125083.008
2024-10-29 12:00:00+00:00,71440.0,73660.0,70900.0,72739.5,257419.052
2024-10-30 00:00:00+00:00,72739.5,72797.4,71931.1,71995.0,74569.228
2024-10-30 12:00:00+00:00,71994.9,72984.9,71444.2,72349.0,152539.58
2024-10-31 00:00:00+00:00,72349.0,72720.3,72030.5,72213.3,57980.831
2024-10-31 12:00:00+00:00,72213.4,72270.0,69705.0,70321.9,198504.497
2024-11-01 00:00:00+00:00,70321.9,70500.0,68870.4,70024.8,117021.854
2024-11-01 12:00:00+00:00,70024.7,71650.0,68822.5,69495.5,235569.234
2024-11-02 00:00:00+00:00,69495.4,69913.1,69413.0,69602.5,32796.488
2024-11-02 12:00:00+00:00,69602.6,69700.0,69022.8,69366.6,46517.617
2024-11-03 00:00:00+00:00,69366.6,69393.7,67846.0,68345.4,91822.659
2024-11-03 12:00:00+00:00,68345.4,69348.0,67446.6,68762.5,134654.717
2024-11-04 00:00:00+00:00,68762.5,69495.3,68220.0,68778.0,78472.928
2024-11-04 12:00:00+00:00,68778.1,69243.8,66810.0,67834.3,166439.238
2024-11-05 00:00:00+00:00,67834.4,69100.0,67454.2,68788.4,74928.46
2024-11-05 12:00:00+00:00,68788.5,70537.4,68642.1,69353.1,198142.41
2024-11-06 00:00:00+00:00,69353.1,75656.1,69272.7,74291.6,451431.041
2024-11-06 12:00:00+00:00,74291.7,76420.0,73500.0,75579.9,226009.245
2024-11-07 00:00:00+00:00,75579.9,76072.5,74450.0,74776.9,98170.869
2024-11-07 12:00:00+00:00,74776.9,76900.0,74508.0,75859.4,182504.164
2024-11-08 00:00:00+00:00,75859.4,76350.2,75576.3,75951.9,69716.924
2024-11-08 12:00:00+00:00,75952.0,77182.9,75620.1,76482.2,160653.4
2024-11-09 00:00:00+00:00,76482.2,76800.0,76122.4,76478.6,46535.758
2024-11-09 12:00:00+00:00,76478.6,76920.0,75683.2,76675.1,71218.276
2024-11-10 00:00:00+00:00,76675.1,80178.0,76501.1,79926.7,205908.643
2024-11-10 12:00:00+00:00,79926.7,81699.8,78549.2,80410.0,211518.256
2024-11-11 00:00:00+00:00,80409.9,82431.4,80261.2,82168.7,138065.583
2024-11-11 12:00:00+00:00,82168.7,89800.0,81467.5,88728.9,476076.079
2024-11-12 00:00:00+00:00,88729.0,90070.1,85500.0,87229.5,347585.681
2024-11-12 12:00:00+00:00,87229.5,89920.0,85159.9,87972.0,291895.903
2024-11-13 00:00:00+00:00,87972.0,88619.0,86180.0,87710.7,135581.345
2024-11-13 12:00:00+00:00,87710.7,93421.1,87551.0,90413.3,419706.952
2024-11-14 00:00:00+00:00,90413.3,91726.1,89095.5,91536.7,131435.373
2024-11-14 12:00:00+00:00,91536.8,91846.1,86714.0,87382.7,233186.307
2024-11-15 00:00:00+00:00,87382.6,89831.1,87111.0,89782.9,108972.35
2024-11-15 12:00:00+00:00,89783.0,91921.5,87815.0,91074.6,205459.558
2024-11-16 00:00:00+00:00,91074.6,91849.8,90900.0,91240.1,54486.803
2024-11-16 12:00:00+00:00,91240.1,91443.5,90120.0,90643.3,74536.644
2024-11-17 00:00:00+00:00,90643.2,91539.6,89400.1,90743.4,75826.541
2024-11-17 12:00:00+00:00,90743.3,91250.0,88736.1,89899.9,91678.251
2024-11-18 00:00:00+00:00,89900.0,92414.9,89666.9,90338.7,105768.32
2024-11-18 12:00:00+00:00,90338.7,92700.0,89422.1,90507.4,227788.79
2024-11-19 00:00:00+00:00,90507.4,92123.7,90405.6,91717.6,72486.305
2024-11-19 12:00:00+00:00,91717.6,93985.9,91015.6,92335.9,231045.726
2024-11-20 00:00:00+00:00,92335.9,93712.5,91500.0,93485.1,87659.409
2024-11-20 12:00:00+00:00,93485.2,94849.0,93093.3,94288.0,202384.818
2024-11-21 00:00:00+00:00,94288.0,98438.9,94008.7,98014.0,199949.827
2024-11-21 12:00:00+00:00,98014.0,99100.0,95625.0,98366.8,218433.309
2024-11-22 00:00:00+00:00,98366.8,99537.6,97860.1,98929.9,104885.722
2024-11-22 12:00:00+00:00,98930.0,99660.0,97199.9,98921.4,160888.345
2024-11-23 00:00:00+00:00,98921.5,98937.3,98309.9,98470.8,43094.092
2024-11-23 12:00:00+00:00,98470.8,98916.8,97173.5,97725.5,77264.33
2024-11-24 00:00:00+00:00,97725.6,98666.0,97286.0,97337.6,50297.945
2024-11-24 12:00:00+00:00,97337.6,98429.7,95822.1,97960.4,122820.895
2024-11-25 00:00:00+00:00,97960.5,98999.0,96929.9,98268.0,76026.306
2024-11-25 12:00:00+00:00,98268.1,98390.0,92666.0,93064.0,253348.715
2024-11-26 00:00:00+00:00,93064.0,95064.0,91553.0,92420.0,154425.154
2024-11-26 12:00:00+00:00,92420.0,94745.2,90866.4,92021.4,190504.079
2024-11-27 00:00:00+00:00,92021.5,93939.0,91864.0,93423.8,74865.863
2024-11-27 12:00:00+00:00,93423.8,97250.0,92903.4,95905.2,162140.124
2024-11-28 00:00:00+00:00,95905.2,96627.6,94700.1,95509.9,79784.109
2024-11-28 12:00:00+00:00,95509.9,96284.0,94768.0,95694.4,74222.917
2024-11-29 00:00:00+00:00,95694.4,97437.1,95404.5,97302.2,74384.052
2024-11-29 12:00:00+00:00,97302.2,98713.3,96822.0,97516.3,116136.897
2024-11-30 00:00:00+00:00,97516.2,97522.1,96150.0,96321.3,60348.854
2024-11-30 12:00:00+00:00,96321.3,97128.4,96300.0,96475.1,32725.364
2024-12-01 00:00:00+00:00,96475.2,97250.0,95736.5,97163.7,56819.069
2024-12-01 12:00:00+00:00,97163.7,97933.0,96705.3,97265.1,56403.921
2024-12-02 00:00:00+00:00,97265.0,98266.0,94887.0,95191.3,112679.479
2024-12-02 12:00:00+00:00,95191.4,97435.0,94400.0,95890.5,144934.432
2024-12-03 00:00:00+00:00,95890.6,96375.0,94661.3,95045.8,61762.438
2024-12-03 12:00:00+00:00,95045.9,96315.5,93605.0,95913.3,144839.542
2024-12-04 00:00:00+00:00,95913.3,97041.1,95271.6,96270.0,67154.098
2024-12-04 12:00:00+00:00,96270.1,99099.9,94650.8,98669.8,208795.107
2024-12-05 00:00:00+00:00,98669.8,104630.4,97970.5,102668.2,256230.762
2024-12-05 12:00:00+00:00,102668.2,103661.7,90200.0,97001.5,324046.629
2024-12-06 00:00:00+00:00,97001.6,98858.6,96429.5,98127.4,112459.866
2024-12-06 12:00:00+00:00,98127.4,101988.8,97550.0,99802.5,169909.742
2024-12-07 00:00:00+00:00,99802.5,100499.0,98876.9,99660.4,52701.135
2024-12-07 12:00:00+00:00,99660.3,100497.5,99101.7,99899.2,43157.523
2024-12-08 00:00:00+00:00,99899.2,100415.0,98709.4,99755.3,46164.287
2024-12-08 12:00:00+00:00,99755.2,101457.9,99409.3,101200.0,63591.389
2024-12-09 00:00:00+00:00,101200.1,101300.0,98112.0,98157.4,108381.228
2024-12-09 12:00:00+00:00,98157.5,100481.3,94039.7,97349.1,218592.362
2024-12-10 00:00:00+00:00,97349.1,98197.8,95591.9,97745.8,95614.94
2024-12-10 12:00:00+00:00,97745.7,98320.6,94265.5,96602.4,195875.804
2024-12-11 00:00:00+00:00,96602.3,98499.9,95650.0,98289.7,77013.759
2024-12-11 12:00:00+00:00,98289.7,101880.0,98047.5,101115.3,144793.946
2024-12-12 00:00:00+00:00,101115.3,101812.3,100150.0,100339.8,65696.655
2024-12-12 12:00:00+00:00,100339.8,102538.4,99280.2,99982.4,149522.42
2024-12-13 00:00:00+00:00,99982.3,100770.0,99149.6,100331.3,54796.871
2024-12-13 12:00:00+00:00,100331.3,101869.5,99653.6,101371.9,97640.447
2024-12-14 00:00:00+00:00,101371.9,102638.0,101106.1,101562.7,52674.582
2024-12-14 12:00:00+00:00,101562.6,101729.2,100559.8,101381.0,55005.967
2024-12-15 00:00:00+00:00,101381.0,102900.0,101200.1,102623.1,58540.578
2024-12-15 12:00:00+00:00,102623.0,105374.6,102438.0,104460.4,99193.338
2024-12-16 00:00:00+00:00,104460.5,106665.8,103585.2,103717.8,105072.196
2024-12-16 12:00:00+00:00,103717.9,107777.0,103264.6,106023.2,169323.56
2024-12-17 00:00:00+00:00,106023.2,107493.9,105623.0,106777.2,59480.15
2024-12-17 12:00:00+00:00,106777.1,108366.8,105252.0,106074.6,138293.762
2024-12-18 00:00:00+00:00,106074.6,106484.6,103065.6,104978.6,105116.269
2024-12-18 12:00:00+00:00,104978.6,105343.8,99951.1,100181.1,223465.666
2024-12-19 00:00:00+00:00,100181.2,102600.0,98744.0,102419.9,111255.68
2024-12-19 12:00:00+00:00,102420.0,102756.7,95681.2,97434.4,261712.783
2024-12-20 00:00:00+00:00,97434.3,98243.0,92613.7,92715.1,195642.958
2024-12-20 12:00:00+00:00,92715.1,97777.0,92272.6,97764.4,200545.837
2024-12-21 00:00:00+00:00,97764.5,99485.0,97142.0,98225.3,74970.368
2024-12-21 12:00:00+00:00,98225.4,98253.5,96375.0,97261.8,86288.112
2024-12-22 00:00:00+00:00,97261.7,97437.9,95867.3,97054.8,54514.224
2024-12-22 12:00:00+00:00,97054.7,97266.6,94200.0,95153.5,93600.511
2024-12-23 00:00:00+00:00,95153.4,96499.0,93655.3,95899.4,93999.421
2024-12-23 12:00:00+00:00,95899.4,96377.2,92464.4,94861.1,153212.434
2024-12-24 00:00:00+00:00,94861.0,94861.1,93525.6,94369.0,54607.994
2024-12-24 12:00:00+00:00,94368.3,99450.0,94039.8,98627.2,157002.638
2024-12-25 00:00:00+00:00,98626.9,99323.3,97681.3,97889.3,56943.956
2024-12-25 12:00:00+00:00,97888.4,99580.7,97570.0,99379.7,67752.936
2024-12-26 00:00:00+00:00,99379.6,99950.0,95153.0,95662.7,112303.198
2024-12-26 12:00:00+00:00,95662.6,96580.0,95200.1,95751.0,82554.453
2024-12-27 00:00:00+00:00,95750.9,97564.5,94620.0,96900.3,105267.596
2024-12-27 12:00:00+00:00,96900.3,96999.0,93440.0,94258.9,100740.647
2024-12-28 00:00:00+00:00,94258.9,94850.0,94100.0,94711.3,25725.581
2024-12-28 12:00:00+00:00,94711.3,95700.0,94320.0,95259.1,42265.768
2024-12-29 00:00:00+00:00,95259.1,95300.0,94761.0,94986.1,18652.277
2024-12-29 12:00:00+00:00,94986.2,95195.0,92961.8,93700.0,76395.657
2024-12-30 00:00:00+00:00,93699.9,94240.0,93181.8,93900.1,49762.984
2024-12-30 12:00:00+00:00,93900.1,95031.6,91510.0,92759.3,172580.609
2024-12-31 00:00:00+00:00,92759.3,94738.4,92000.0,94202.5,64547.296
