datetime,equity
2024-02-05 12:54:00+00:00,10000.07
2024-02-05 14:51:00+00:00,9988.14
2024-02-05 15:17:00+00:00,9899.46
2024-02-06 10:45:00+00:00,9886.92
2024-02-06 15:20:00+00:00,9945.16
2024-02-07 09:35:00+00:00,9974.58
2024-02-07 10:55:00+00:00,9909.34
2024-02-07 14:51:00+00:00,9800.89
2024-02-07 17:00:00+00:00,9746.84
2024-02-07 17:36:00+00:00,9781.82
2024-02-07 20:16:00+00:00,9704.73
2024-02-07 21:26:00+00:00,9757.97
2024-02-08 00:25:00+00:00,9652.1
2024-02-08 19:09:00+00:00,9763.26
2024-02-08 20:16:00+00:00,9729.19
2024-02-09 02:55:00+00:00,9903.87
2024-02-09 11:44:00+00:00,10091.85
2024-02-09 14:26:00+00:00,9995.3
2024-02-09 14:33:00+00:00,9917.49
2024-02-09 15:26:00+00:00,9920.87
2024-02-09 18:24:00+00:00,10098.57
2024-02-09 19:08:00+00:00,9987.59
2024-02-10 20:41:00+00:00,9877.74
2024-02-11 03:50:00+00:00,9769.09
2024-02-11 10:50:00+00:00,9782.61
2024-02-11 13:22:00+00:00,9827.86
2024-02-11 18:35:00+00:00,9842.27
2024-02-11 20:54:00+00:00,9824.08
2024-02-12 00:12:00+00:00,9753.48
2024-02-12 02:37:00+00:00,9747.94
2024-02-12 14:47:00+00:00,9629.89
2024-02-12 15:10:00+00:00,9523.97
2024-02-12 15:33:00+00:00,9419.21
2024-02-12 15:58:00+00:00,9315.6
2024-02-12 17:19:00+00:00,9213.13
2024-02-12 21:48:00+00:00,9214.42
2024-02-13 01:03:00+00:00,9250.97
2024-02-13 14:12:00+00:00,9438.34
2024-02-13 21:19:00+00:00,9334.52
2024-02-14 08:01:00+00:00,9231.85
2024-02-14 08:55:00+00:00,9130.3
2024-02-14 09:08:00+00:00,9029.87
2024-02-14 09:11:00+00:00,8922.88
2024-02-14 09:50:00+00:00,8824.73
2024-02-14 11:56:00+00:00,8774.98
2024-02-14 12:28:00+00:00,8773.63
2024-02-14 16:20:00+00:00,8828.11
2024-02-14 16:31:00+00:00,8839.18
2024-02-15 00:21:00+00:00,8760.43
2024-02-15 14:31:00+00:00,8664.06
2024-02-15 16:22:00+00:00,8736.36
2024-02-15 17:49:00+00:00,8713.85
2024-02-16 06:47:00+00:00,8701.79
2024-02-16 09:10:00+00:00,8654.97
2024-02-16 10:50:00+00:00,8555.99
2024-02-16 15:12:00+00:00,8650.26
2024-02-16 16:07:00+00:00,8681.0
2024-02-16 23:21:00+00:00,8673.09
2024-02-17 10:18:00+00:00,8580.49
2024-02-17 14:32:00+00:00,8486.19
2024-02-17 21:22:00+00:00,8647.27
2024-02-18 22:13:00+00:00,8552.15
2024-02-19 06:09:00+00:00,8501.17
2024-02-19 08:49:00+00:00,8461.4
2024-02-20 01:22:00+00:00,8540.36
2024-02-20 02:55:00+00:00,8570.06
2024-02-20 05:28:00+00:00,8580.55
2024-02-20 11:03:00+00:00,8610.03
2024-02-20 13:34:00+00:00,8531.95
2024-02-20 14:39:00+00:00,8694.07
2024-02-20 15:29:00+00:00,8667.09
2024-02-20 17:00:00+00:00,8599.85
2024-02-20 18:23:00+00:00,8564.85
2024-02-20 19:50:00+00:00,8636.59
2024-02-20 23:16:00+00:00,8558.81
2024-02-21 09:56:00+00:00,8721.44
2024-02-21 12:07:00+00:00,8781.03
2024-02-21 13:09:00+00:00,8853.15
2024-02-21 15:23:00+00:00,8896.65
2024-02-21 16:46:00+00:00,8886.55
2024-02-21 21:27:00+00:00,8940.99
2024-02-21 23:05:00+00:00,8988.36
2024-02-22 10:47:00+00:00,8959.59
2024-02-22 13:15:00+00:00,8941.77
2024-02-22 13:49:00+00:00,8979.48
2024-02-22 14:43:00+00:00,9011.43
2024-02-22 16:10:00+00:00,8925.29
2024-02-22 21:17:00+00:00,8928.16
2024-02-23 14:22:00+00:00,9017.6
2024-02-23 14:55:00+00:00,8951.27
2024-02-23 16:16:00+00:00,9036.08
2024-02-23 16:48:00+00:00,9060.77
2024-02-23 22:45:00+00:00,9083.9
2024-02-23 23:46:00+00:00,9082.98
2024-02-24 12:41:00+00:00,9042.74
2024-02-25 01:32:00+00:00,9122.93
2024-02-25 11:06:00+00:00,9096.15
2024-02-26 09:21:00+00:00,9002.09
2024-02-26 15:12:00+00:00,9172.95
2024-02-26 15:31:00+00:00,9122.92
2024-02-26 16:07:00+00:00,9181.9
2024-02-26 19:15:00+00:00,9080.9
2024-02-26 20:05:00+00:00,8981.01
2024-02-26 21:38:00+00:00,8953.5
2024-02-27 01:44:00+00:00,8976.45
2024-02-27 01:49:00+00:00,8905.12
2024-02-27 02:06:00+00:00,8807.17
2024-02-27 02:16:00+00:00,8907.6
2024-02-27 03:53:00+00:00,8784.97
2024-02-27 04:03:00+00:00,8731.16
2024-02-27 04:31:00+00:00,8741.08
2024-02-27 04:56:00+00:00,8779.06
2024-02-27 05:41:00+00:00,8823.57
2024-02-27 09:32:00+00:00,8729.92
2024-02-27 12:26:00+00:00,8633.89
2024-02-27 12:57:00+00:00,8578.89
2024-02-27 13:54:00+00:00,8571.08
2024-02-27 14:08:00+00:00,8594.06
2024-02-27 14:34:00+00:00,8611.12
2024-02-27 16:08:00+00:00,8667.22
2024-02-27 16:16:00+00:00,8652.13
2024-02-27 16:48:00+00:00,8570.08
2024-02-27 18:21:00+00:00,8588.39
2024-02-27 19:47:00+00:00,8571.12
2024-02-27 21:53:00+00:00,8459.76
2024-02-28 07:51:00+00:00,8620.33
2024-02-28 08:02:00+00:00,8622.6
2024-02-28 08:53:00+00:00,8655.16
2024-02-28 11:52:00+00:00,8656.75
2024-02-28 12:15:00+00:00,8717.09
2024-02-28 13:06:00+00:00,8633.23
2024-02-28 13:25:00+00:00,8538.27
2024-02-28 14:22:00+00:00,8538.16
2024-02-28 14:30:00+00:00,8534.28
2024-02-28 14:42:00+00:00,8531.97
2024-02-28 14:56:00+00:00,8451.16
2024-02-28 16:27:00+00:00,8358.2
2024-02-28 16:54:00+00:00,8266.27
2024-02-28 17:03:00+00:00,8320.19
2024-02-28 17:13:00+00:00,8432.02
2024-02-28 17:23:00+00:00,8339.36
2024-02-28 17:25:00+00:00,8247.71
2024-02-28 17:29:00+00:00,8338.4
2024-02-28 17:30:00+00:00,8264.03
2024-02-28 17:31:00+00:00,8242.69
2024-02-28 17:34:00+00:00,8399.14
2024-02-28 17:36:00+00:00,8306.84
2024-02-28 17:38:00+00:00,8215.55
2024-02-28 17:49:00+00:00,8371.49
2024-02-28 18:10:00+00:00,8279.49
2024-02-28 18:21:00+00:00,8188.5
2024-02-28 18:46:00+00:00,8343.92
2024-02-28 20:08:00+00:00,8252.23
2024-02-28 22:23:00+00:00,8408.86
2024-02-29 06:04:00+00:00,8568.46
2024-02-29 07:30:00+00:00,8474.3
2024-02-29 10:16:00+00:00,8381.17
2024-02-29 13:29:00+00:00,8289.07
2024-02-29 16:39:00+00:00,8197.97
2024-02-29 17:34:00+00:00,8107.88
2024-02-29 18:51:00+00:00,8018.78
2024-02-29 20:02:00+00:00,7930.58
2024-02-29 20:27:00+00:00,7843.34
2024-02-29 21:10:00+00:00,7757.15
2024-02-29 21:57:00+00:00,7792.93
2024-02-29 22:44:00+00:00,7830.87
2024-03-01 08:36:00+00:00,8006.89
2024-03-01 14:37:00+00:00,7918.9
2024-03-01 20:54:00+00:00,8069.2
2024-03-02 05:15:00+00:00,7980.53
2024-03-03 07:27:00+00:00,7892.82
2024-03-03 16:41:00+00:00,8042.63
2024-03-04 00:43:00+00:00,8195.29
2024-03-04 00:49:00+00:00,8351.0
2024-03-04 00:55:00+00:00,8259.15
2024-03-04 07:47:00+00:00,8168.3
2024-03-04 08:25:00+00:00,8078.45
2024-03-04 14:35:00+00:00,7989.59
2024-03-04 17:20:00+00:00,7901.71
2024-03-04 23:03:00+00:00,7814.8
2024-03-05 01:49:00+00:00,7728.84
2024-03-05 05:02:00+00:00,7875.69
2024-03-05 06:21:00+00:00,7789.06
2024-03-05 08:13:00+00:00,7858.9
2024-03-05 09:51:00+00:00,7828.58
2024-03-05 10:26:00+00:00,7744.04
2024-03-05 13:18:00+00:00,7820.33
2024-03-05 14:51:00+00:00,7734.02
2024-03-05 15:05:00+00:00,7880.97
2024-03-05 15:13:00+00:00,7794.28
2024-03-05 15:31:00+00:00,7942.38
2024-03-05 16:07:00+00:00,8093.28
2024-03-05 16:11:00+00:00,8125.59
2024-03-05 17:07:00+00:00,8235.6
2024-03-05 17:42:00+00:00,8145.01
2024-03-05 17:57:00+00:00,8055.42
2024-03-05 19:09:00+00:00,8208.48
2024-03-05 19:28:00+00:00,8220.56
2024-03-05 19:35:00+00:00,8124.46
2024-03-05 19:41:00+00:00,8048.86
2024-03-05 19:46:00+00:00,7972.1
2024-03-05 19:55:00+00:00,8123.58
2024-03-05 19:57:00+00:00,8034.22
2024-03-05 20:01:00+00:00,7945.85
2024-03-05 20:09:00+00:00,7858.45
2024-03-05 21:12:00+00:00,7772.01
2024-03-05 21:30:00+00:00,7686.52
2024-03-05 23:39:00+00:00,7601.97
2024-03-06 04:54:00+00:00,7518.36
2024-03-06 05:22:00+00:00,7435.66
2024-03-06 05:59:00+00:00,7353.87
2024-03-06 07:02:00+00:00,7419.7
2024-03-06 07:55:00+00:00,7467.84
2024-03-06 08:09:00+00:00,7405.93
2024-03-06 12:45:00+00:00,7546.65
2024-03-06 12:47:00+00:00,7463.71
2024-03-06 12:51:00+00:00,7381.62
2024-03-06 14:04:00+00:00,7300.42
2024-03-06 16:59:00+00:00,7235.85
2024-03-06 21:15:00+00:00,7192.06
2024-03-07 02:01:00+00:00,7206.71
2024-03-07 04:03:00+00:00,7124.45
2024-03-07 11:06:00+00:00,7046.09
2024-03-07 17:25:00+00:00,6968.58
2024-03-08 13:53:00+00:00,6891.93
2024-03-08 15:10:00+00:00,6816.13
2024-03-08 15:28:00+00:00,6741.15
2024-03-08 15:32:00+00:00,6869.24
2024-03-08 16:02:00+00:00,6999.76
2024-03-08 16:11:00+00:00,6922.83
2024-03-08 17:02:00+00:00,7054.23
2024-03-08 20:02:00+00:00,6976.64
2024-03-10 01:21:00+00:00,6899.9
2024-03-10 09:48:00+00:00,6824.0
2024-03-10 22:03:00+00:00,6909.71
2024-03-10 22:55:00+00:00,6831.33
2024-03-11 00:52:00+00:00,6961.13
2024-03-11 00:55:00+00:00,6884.56
2024-03-11 02:01:00+00:00,6917.53
2024-03-11 06:53:00+00:00,6856.4
2024-03-11 07:13:00+00:00,6780.98
2024-03-11 07:39:00+00:00,6706.39
2024-03-11 09:35:00+00:00,6632.62
2024-03-11 19:37:00+00:00,6608.63
2024-03-11 21:57:00+00:00,6626.7
2024-03-12 11:10:00+00:00,6653.43
2024-03-12 12:30:00+00:00,6583.46
2024-03-12 14:05:00+00:00,6511.05
2024-03-12 14:13:00+00:00,6439.49
2024-03-12 15:24:00+00:00,6404.03
2024-03-12 16:12:00+00:00,6334.8
2024-03-12 16:25:00+00:00,6351.2
2024-03-12 16:26:00+00:00,6316.86
2024-03-12 17:18:00+00:00,6247.44
2024-03-12 17:22:00+00:00,6178.78
2024-03-12 17:48:00+00:00,6296.06
2024-03-12 18:00:00+00:00,6226.81
2024-03-12 23:26:00+00:00,6202.62
2024-03-13 07:06:00+00:00,6322.84
2024-03-13 12:35:00+00:00,6253.35
2024-03-13 13:57:00+00:00,6184.63
2024-03-14 04:42:00+00:00,6229.79
2024-03-14 06:22:00+00:00,6172.69
2024-03-14 11:07:00+00:00,6103.77
2024-03-14 13:54:00+00:00,6036.7
2024-03-14 14:34:00+00:00,6048.07
2024-03-14 15:13:00+00:00,6047.85
2024-03-14 15:25:00+00:00,6092.84
2024-03-14 15:39:00+00:00,6037.26
2024-03-14 16:47:00+00:00,5970.85
2024-03-14 18:08:00+00:00,5973.93
2024-03-14 18:50:00+00:00,5928.7
2024-03-14 18:52:00+00:00,5863.54
2024-03-14 20:28:00+00:00,5799.05
2024-03-15 00:25:00+00:00,5909.12
2024-03-15 02:25:00+00:00,5844.18
2024-03-15 02:42:00+00:00,5779.95
2024-03-15 02:53:00+00:00,5889.78
2024-03-15 03:01:00+00:00,5824.99
2024-03-15 03:22:00+00:00,5760.98
2024-03-15 03:27:00+00:00,5870.44
2024-03-15 03:30:00+00:00,5805.87
2024-03-15 03:45:00+00:00,5742.01
2024-03-15 03:58:00+00:00,5768.48
2024-03-15 04:06:00+00:00,5719.9
2024-03-15 04:33:00+00:00,5725.85
2024-03-15 06:22:00+00:00,5710.45
2024-03-15 08:48:00+00:00,5640.05
2024-03-15 09:07:00+00:00,5578.07
2024-03-15 09:19:00+00:00,5580.84
2024-03-15 09:55:00+00:00,5669.6
2024-03-15 11:09:00+00:00,5607.29
2024-03-15 18:41:00+00:00,5713.72
2024-03-15 18:54:00+00:00,5822.17
2024-03-15 19:22:00+00:00,5791.72
2024-03-15 20:07:00+00:00,5898.18
2024-03-15 20:24:00+00:00,5872.47
2024-03-15 20:43:00+00:00,5803.12
2024-03-15 23:33:00+00:00,5913.27
2024-03-16 05:20:00+00:00,5848.28
2024-03-16 10:12:00+00:00,5784.01
2024-03-16 11:25:00+00:00,5720.45
2024-03-16 17:43:00+00:00,5706.12
2024-03-16 18:08:00+00:00,5751.94
2024-03-16 21:20:00+00:00,5693.25
2024-03-16 23:13:00+00:00,5630.69
2024-03-17 00:22:00+00:00,5737.56
2024-03-17 06:57:00+00:00,5674.51
2024-03-17 08:35:00+00:00,5782.21
2024-03-17 15:47:00+00:00,5891.96
2024-03-17 23:24:00+00:00,5867.13
2024-03-18 00:14:00+00:00,5855.6
2024-03-18 00:39:00+00:00,5808.16
2024-03-18 04:37:00+00:00,5918.4
2024-03-18 08:23:00+00:00,5853.36
2024-03-18 14:31:00+00:00,5789.04
2024-03-18 17:07:00+00:00,5725.42
2024-03-19 00:18:00+00:00,5834.09
2024-03-19 01:08:00+00:00,5769.98
2024-03-19 01:33:00+00:00,5706.57
2024-03-19 02:50:00+00:00,5672.88
2024-03-19 03:34:00+00:00,5631.68
2024-03-19 03:40:00+00:00,5604.44
2024-03-19 05:29:00+00:00,5542.85
2024-03-19 06:37:00+00:00,5481.93
2024-03-19 07:17:00+00:00,5421.69
2024-03-19 08:30:00+00:00,5362.11
2024-03-19 10:47:00+00:00,5303.18
2024-03-19 11:49:00+00:00,5308.34
2024-03-19 12:42:00+00:00,5266.22
2024-03-19 14:24:00+00:00,5208.35
2024-03-19 16:08:00+00:00,5307.21
2024-03-19 17:29:00+00:00,5407.94
2024-03-19 18:08:00+00:00,5348.51
2024-03-19 20:02:00+00:00,5289.73
2024-03-19 22:16:00+00:00,5231.6
2024-03-19 23:03:00+00:00,5174.11
2024-03-19 23:25:00+00:00,5117.25
2024-03-20 01:51:00+00:00,5131.69
2024-03-20 02:29:00+00:00,5104.06
2024-03-20 03:53:00+00:00,5044.39
2024-03-20 05:12:00+00:00,5140.24
2024-03-20 06:30:00+00:00,5083.7
2024-03-20 11:25:00+00:00,5180.19
2024-03-20 13:12:00+00:00,5193.18
2024-03-20 13:45:00+00:00,5203.18
2024-03-20 14:27:00+00:00,5223.24
2024-03-20 15:33:00+00:00,5239.19
2024-03-20 16:23:00+00:00,5270.14
2024-03-20 16:28:00+00:00,5336.81
2024-03-20 16:37:00+00:00,5278.11
2024-03-20 17:19:00+00:00,5378.29
2024-03-20 18:55:00+00:00,5480.37
2024-03-20 20:32:00+00:00,5584.39
2024-03-20 20:53:00+00:00,5555.77
2024-03-20 21:25:00+00:00,5517.2
2024-03-21 03:45:00+00:00,5445.48
2024-03-21 05:55:00+00:00,5385.58
2024-03-21 15:06:00+00:00,5459.18
2024-03-21 15:13:00+00:00,5425.52
2024-03-21 16:24:00+00:00,5394.84
2024-03-21 17:26:00+00:00,5382.92
2024-03-21 18:43:00+00:00,5476.04
2024-03-21 20:17:00+00:00,5415.81
2024-03-21 21:58:00+00:00,5387.16
2024-03-22 03:18:00+00:00,5369.37
2024-03-22 05:58:00+00:00,5327.8
2024-03-22 10:15:00+00:00,5429.03
2024-03-22 13:46:00+00:00,5532.18
2024-03-22 15:22:00+00:00,5471.33
2024-03-22 16:34:00+00:00,5411.21
2024-03-22 17:06:00+00:00,5351.69
2024-03-22 21:03:00+00:00,5292.87
2024-03-22 23:46:00+00:00,5234.65
2024-03-23 03:16:00+00:00,5231.11
2024-03-23 03:34:00+00:00,5186.69
2024-03-23 14:30:00+00:00,5285.14
2024-03-23 19:44:00+00:00,5227.06
2024-03-24 03:09:00+00:00,5269.13
2024-03-24 10:47:00+00:00,5377.54
2024-03-24 17:04:00+00:00,5318.45
2024-03-24 21:30:00+00:00,5419.39
2024-03-25 00:08:00+00:00,5418.64
2024-03-25 05:00:00+00:00,5365.06
2024-03-25 06:37:00+00:00,5306.11
2024-03-25 13:59:00+00:00,5247.74
2024-03-25 14:11:00+00:00,5190.02
2024-03-25 16:37:00+00:00,5288.53
2024-03-26 13:46:00+00:00,5274.03
2024-03-26 14:03:00+00:00,5300.69
2024-03-26 14:24:00+00:00,5291.6
2024-03-26 14:47:00+00:00,5285.14
2024-03-26 18:05:00+00:00,5266.08
2024-03-26 19:58:00+00:00,5309.54
2024-03-27 11:13:00+00:00,5347.9
2024-03-27 13:04:00+00:00,5294.51
2024-03-27 13:40:00+00:00,5236.33
2024-03-27 13:46:00+00:00,5164.26
2024-03-27 14:02:00+00:00,5107.51
2024-03-27 14:12:00+00:00,5051.38
2024-03-27 16:13:00+00:00,4995.87
2024-03-28 00:19:00+00:00,4940.92
2024-03-28 06:16:00+00:00,4886.57
2024-03-29 00:19:00+00:00,4907.46
2024-03-29 13:35:00+00:00,4930.59
2024-03-29 15:38:00+00:00,4875.36
2024-03-31 13:23:00+00:00,4958.76
2024-03-31 23:57:00+00:00,4908.35
2024-04-01 05:47:00+00:00,4854.41
2024-04-01 06:02:00+00:00,4801.06
2024-04-01 14:52:00+00:00,4748.3
2024-04-01 15:12:00+00:00,4733.16
2024-04-01 15:28:00+00:00,4707.29
2024-04-01 18:52:00+00:00,4705.94
2024-04-01 19:57:00+00:00,4660.1
2024-04-02 02:34:00+00:00,4702.31
2024-04-02 02:36:00+00:00,4664.28
2024-04-02 02:39:00+00:00,4752.9
2024-04-02 02:42:00+00:00,4764.45
2024-04-02 02:46:00+00:00,4756.99
2024-04-02 05:21:00+00:00,4693.7
2024-04-02 08:00:00+00:00,4713.3
2024-04-02 09:03:00+00:00,4660.58
2024-04-02 10:45:00+00:00,4672.2
2024-04-02 11:20:00+00:00,4634.02
2024-04-02 13:04:00+00:00,4583.09
2024-04-02 14:32:00+00:00,4670.08
2024-04-02 15:54:00+00:00,4618.76
2024-04-03 00:37:00+00:00,4568.0
2024-04-03 04:30:00+00:00,4654.71
2024-04-03 11:06:00+00:00,4603.55
2024-04-03 14:27:00+00:00,4647.01
2024-04-03 18:33:00+00:00,4739.5
2024-04-03 22:43:00+00:00,4729.73
2024-04-04 02:33:00+00:00,4673.99
2024-04-04 06:37:00+00:00,4704.88
2024-04-04 08:19:00+00:00,4657.02
2024-04-04 16:23:00+00:00,4745.41
2024-04-04 17:51:00+00:00,4718.84
2024-04-05 00:55:00+00:00,4666.93
2024-04-05 02:46:00+00:00,4615.65
2024-04-05 05:18:00+00:00,4564.92
2024-04-05 08:21:00+00:00,4514.71
2024-04-05 09:07:00+00:00,4528.31
2024-04-05 10:37:00+00:00,4511.64
2024-04-05 13:55:00+00:00,4480.08
2024-04-05 16:04:00+00:00,4448.2
2024-04-05 17:36:00+00:00,4399.71
2024-04-05 20:00:00+00:00,4427.9
2024-04-06 00:40:00+00:00,4468.87
2024-04-06 05:30:00+00:00,4479.29
2024-04-06 13:30:00+00:00,4429.95
2024-04-06 15:13:00+00:00,4385.59
2024-04-06 23:09:00+00:00,4468.83
2024-04-07 01:22:00+00:00,4482.33
2024-04-07 09:22:00+00:00,4481.27
2024-04-07 16:10:00+00:00,4498.93
2024-04-08 01:15:00+00:00,4524.73
2024-04-08 07:01:00+00:00,4525.68
2024-04-08 07:35:00+00:00,4481.32
2024-04-08 08:54:00+00:00,4491.59
2024-04-08 09:27:00+00:00,4463.8
2024-04-08 11:26:00+00:00,4427.97
2024-04-08 13:12:00+00:00,4397.23
2024-04-09 00:49:00+00:00,4433.21
2024-04-09 02:26:00+00:00,4433.48
2024-04-09 06:39:00+00:00,4452.9
2024-04-09 07:45:00+00:00,4418.54
2024-04-09 08:08:00+00:00,4413.62
2024-04-09 14:30:00+00:00,4448.18
2024-04-09 14:41:00+00:00,4451.38
2024-04-09 14:48:00+00:00,4416.68
2024-04-10 12:30:00+00:00,4399.19
2024-04-10 12:31:00+00:00,4380.83
2024-04-10 14:24:00+00:00,4332.64
2024-04-10 19:47:00+00:00,4386.39
2024-04-10 22:02:00+00:00,4358.34
2024-04-11 02:46:00+00:00,4390.48
2024-04-11 12:32:00+00:00,4438.93
2024-04-11 13:47:00+00:00,4378.35
2024-04-11 17:04:00+00:00,4364.8
2024-04-11 20:22:00+00:00,4346.26
2024-04-11 23:26:00+00:00,4293.1
2024-04-12 13:42:00+00:00,4245.92
2024-04-12 16:18:00+00:00,4219.5
2024-04-12 17:28:00+00:00,4296.43
2024-04-12 18:32:00+00:00,4378.06
2024-04-12 18:35:00+00:00,4461.25
2024-04-12 18:37:00+00:00,4412.18
2024-04-12 18:52:00+00:00,4363.64
2024-04-13 01:51:00+00:00,4397.3
2024-04-13 03:56:00+00:00,4462.48
2024-04-13 04:44:00+00:00,4421.72
2024-04-13 07:20:00+00:00,4373.13
2024-04-13 17:39:00+00:00,4325.07
2024-04-13 19:51:00+00:00,4277.54
2024-04-13 19:54:00+00:00,4358.82
2024-04-13 19:59:00+00:00,4441.95
2024-04-13 20:02:00+00:00,4357.28
2024-04-13 20:07:00+00:00,4309.39
2024-04-13 20:09:00+00:00,4391.27
2024-04-13 20:11:00+00:00,4342.97
2024-04-13 20:16:00+00:00,4366.33
2024-04-13 20:22:00+00:00,4300.16
2024-04-13 20:30:00+00:00,4317.01
2024-04-13 20:33:00+00:00,4286.48
2024-04-13 20:47:00+00:00,4239.37
2024-04-13 22:08:00+00:00,4250.41
2024-04-13 22:20:00+00:00,4213.95
2024-04-13 22:43:00+00:00,4293.94
2024-04-13 23:06:00+00:00,4272.87
2024-04-14 00:19:00+00:00,4387.06
2024-04-14 02:36:00+00:00,4388.31
2024-04-14 03:02:00+00:00,4355.07
2024-04-14 03:36:00+00:00,4307.16
2024-04-14 08:30:00+00:00,4388.91
2024-04-14 14:05:00+00:00,4372.9
2024-04-14 16:27:00+00:00,4328.28
2024-04-14 17:18:00+00:00,4280.71
2024-04-14 17:30:00+00:00,4233.63
2024-04-14 20:47:00+00:00,4218.06
2024-04-14 22:00:00+00:00,4251.2
2024-04-14 22:05:00+00:00,4308.19
2024-04-15 04:10:00+00:00,4260.85
2024-04-15 06:18:00+00:00,4213.98
2024-04-15 14:13:00+00:00,4185.48
2024-04-15 14:48:00+00:00,4259.38
2024-04-15 15:17:00+00:00,4212.53
2024-04-15 17:25:00+00:00,4223.76
2024-04-15 18:17:00+00:00,4221.8
2024-04-15 19:00:00+00:00,4229.18
2024-04-15 21:25:00+00:00,4228.21
2024-04-15 22:41:00+00:00,4249.91
2024-04-16 01:30:00+00:00,4248.07
2024-04-16 02:10:00+00:00,4192.61
2024-04-16 06:50:00+00:00,4167.42
2024-04-16 10:20:00+00:00,4122.9
2024-04-16 11:54:00+00:00,4077.55
2024-04-16 16:59:00+00:00,4104.93
2024-04-16 21:23:00+00:00,4165.33
2024-04-17 10:05:00+00:00,4119.55
2024-04-17 14:18:00+00:00,4197.82
2024-04-17 14:56:00+00:00,4203.75
2024-04-17 15:14:00+00:00,4169.32
2024-04-17 18:03:00+00:00,4123.46
2024-04-17 21:16:00+00:00,4132.65
2024-04-18 03:06:00+00:00,4096.75
2024-04-18 09:12:00+00:00,4091.76
2024-04-18 11:11:00+00:00,4117.96
2024-04-18 11:21:00+00:00,4078.5
2024-04-18 12:27:00+00:00,4044.27
2024-04-18 13:59:00+00:00,4025.68
2024-04-18 14:13:00+00:00,4026.75
2024-04-18 14:23:00+00:00,4002.72
2024-04-18 17:52:00+00:00,3958.73
2024-04-18 19:02:00+00:00,3915.19
2024-04-19 01:09:00+00:00,3872.16
2024-04-19 01:39:00+00:00,3945.73
2024-04-19 02:29:00+00:00,4020.71
2024-04-19 02:55:00+00:00,3976.48
2024-04-19 04:04:00+00:00,3932.74
2024-04-19 05:19:00+00:00,3916.43
2024-04-19 06:37:00+00:00,3867.75
2024-04-19 06:45:00+00:00,3825.2
2024-04-19 06:54:00+00:00,3783.13
2024-04-19 07:17:00+00:00,3741.55
2024-04-19 11:39:00+00:00,3700.4
2024-04-19 14:25:00+00:00,3684.84
2024-04-19 23:01:00+00:00,3679.41
2024-04-19 23:03:00+00:00,3655.28
2024-04-20 01:03:00+00:00,3615.11
2024-04-20 15:34:00+00:00,3611.51
2024-04-20 15:44:00+00:00,3581.06
2024-04-20 17:18:00+00:00,3564.57
2024-04-20 22:10:00+00:00,3520.14
2024-04-21 03:06:00+00:00,3481.42
2024-04-22 01:21:00+00:00,3443.13
2024-04-22 03:40:00+00:00,3405.26
2024-04-22 22:53:00+00:00,3367.8
2024-04-23 20:07:00+00:00,3356.29
2024-04-24 01:43:00+00:00,3321.17
2024-04-24 09:43:00+00:00,3292.47
2024-04-24 13:32:00+00:00,3297.42
2024-04-24 14:26:00+00:00,3271.45
2024-04-24 20:21:00+00:00,3323.49
2024-04-25 00:42:00+00:00,3365.77
2024-04-25 10:24:00+00:00,3434.04
2024-04-25 13:20:00+00:00,3499.29
2024-04-25 16:01:00+00:00,3460.8
2024-04-26 15:24:00+00:00,3526.56
2024-04-27 01:17:00+00:00,3593.56
2024-04-27 02:26:00+00:00,3554.04
2024-04-28 00:29:00+00:00,3514.94
2024-04-28 22:32:00+00:00,3581.73
2024-04-29 14:24:00+00:00,3601.73
2024-04-29 22:16:00+00:00,3628.05
2024-04-29 22:31:00+00:00,3596.58
2024-04-30 00:53:00+00:00,3557.02
2024-04-30 02:01:00+00:00,3517.93
2024-04-30 02:34:00+00:00,3495.0
2024-04-30 05:37:00+00:00,3455.76
2024-04-30 08:45:00+00:00,3417.78
2024-04-30 11:29:00+00:00,3430.0
2024-04-30 12:11:00+00:00,3403.42
2024-04-30 14:46:00+00:00,3365.99
2024-04-30 16:13:00+00:00,3381.43
2024-04-30 18:50:00+00:00,3360.0
2024-04-30 19:17:00+00:00,3380.9
2024-04-30 19:55:00+00:00,3376.22
2024-04-30 20:06:00+00:00,3363.47
2024-04-30 22:35:00+00:00,3422.28
2024-05-01 02:09:00+00:00,3384.67
2024-05-01 06:55:00+00:00,3381.02
2024-05-01 07:08:00+00:00,3442.8
2024-05-01 07:26:00+00:00,3404.96
2024-05-01 08:04:00+00:00,3391.0
2024-05-01 10:41:00+00:00,3374.49
2024-05-01 13:33:00+00:00,3385.69
2024-05-01 15:09:00+00:00,3388.93
2024-05-01 18:34:00+00:00,3457.24
2024-05-01 19:06:00+00:00,3471.22
2024-05-01 19:22:00+00:00,3491.22
2024-05-01 19:32:00+00:00,3459.78
2024-05-01 23:41:00+00:00,3525.44
2024-05-02 00:37:00+00:00,3495.25
2024-05-02 02:51:00+00:00,3500.38
2024-05-02 11:07:00+00:00,3535.99
2024-05-02 12:10:00+00:00,3501.0
2024-05-02 14:38:00+00:00,3462.49
2024-05-02 20:38:00+00:00,3424.44
2024-05-03 12:30:00+00:00,3373.23
2024-05-03 12:31:00+00:00,3371.52
2024-05-03 13:03:00+00:00,3334.43
2024-05-03 14:02:00+00:00,3297.75
2024-05-03 20:23:00+00:00,3360.35
2024-05-03 21:35:00+00:00,3382.61
2024-05-03 23:30:00+00:00,3406.56
2024-05-04 10:42:00+00:00,3380.48
2024-05-05 01:35:00+00:00,3444.71
2024-05-05 13:22:00+00:00,3406.82
2024-05-06 08:18:00+00:00,3369.34
2024-05-06 12:29:00+00:00,3433.36
2024-05-07 08:29:00+00:00,3395.6
2024-05-07 23:02:00+00:00,3460.12
2024-05-08 20:19:00+00:00,3525.86
2024-05-09 15:09:00+00:00,3487.08
2024-05-09 22:38:00+00:00,3448.72
2024-05-10 14:10:00+00:00,3447.89
2024-05-10 14:31:00+00:00,3418.84
2024-05-10 14:50:00+00:00,3381.27
2024-05-10 14:55:00+00:00,3344.11
2024-05-10 16:12:00+00:00,3341.51
2024-05-10 17:18:00+00:00,3348.47
2024-05-10 20:07:00+00:00,3368.83
2024-05-12 07:17:00+00:00,3361.93
2024-05-12 10:30:00+00:00,3376.14
2024-05-12 21:25:00+00:00,3384.58
2024-05-13 00:12:00+00:00,3407.54
2024-05-13 02:30:00+00:00,3426.41
2024-05-13 06:44:00+00:00,3437.01
2024-05-13 07:52:00+00:00,3405.45
2024-05-13 08:09:00+00:00,3368.0
2024-05-13 15:51:00+00:00,3358.51
2024-05-14 03:34:00+00:00,3316.97
2024-05-14 06:12:00+00:00,3280.52
2024-05-14 12:30:00+00:00,3244.47
2024-05-14 14:12:00+00:00,3256.96
2024-05-14 14:54:00+00:00,3264.06
2024-05-15 00:49:00+00:00,3270.44
2024-05-15 07:38:00+00:00,3295.32
2024-05-15 09:47:00+00:00,3266.5
2024-05-15 12:30:00+00:00,3328.5
2024-05-15 15:13:00+00:00,3391.67
2024-05-15 19:23:00+00:00,3354.37
2024-05-16 01:47:00+00:00,3351.4
2024-05-16 11:59:00+00:00,3313.14
2024-05-16 17:30:00+00:00,3376.09
2024-05-16 19:23:00+00:00,3399.39
2024-05-17 06:50:00+00:00,3365.53
2024-05-17 14:59:00+00:00,3328.52
2024-05-17 17:54:00+00:00,3341.76
2024-05-18 03:37:00+00:00,3349.5
2024-05-19 10:33:00+00:00,3314.82
2024-05-19 16:54:00+00:00,3320.0
2024-05-19 19:11:00+00:00,3302.99
2024-05-20 04:34:00+00:00,3262.76
2024-05-20 10:25:00+00:00,3226.87
2024-05-20 16:40:00+00:00,3251.23
2024-05-20 18:41:00+00:00,3217.73
2024-05-20 19:23:00+00:00,3182.34
2024-05-20 23:23:00+00:00,3147.34
2024-05-21 00:17:00+00:00,3112.72
2024-05-21 13:50:00+00:00,3103.56
2024-05-21 14:53:00+00:00,3085.77
2024-05-21 15:56:00+00:00,3106.16
2024-05-21 18:23:00+00:00,3091.78
2024-05-21 19:34:00+00:00,3107.68
2024-05-21 22:16:00+00:00,3126.31
2024-05-22 04:37:00+00:00,3133.06
2024-05-22 21:09:00+00:00,3102.7
2024-05-23 12:56:00+00:00,3119.55
2024-05-23 13:38:00+00:00,3120.98
2024-05-23 13:48:00+00:00,3096.62
2024-05-23 18:02:00+00:00,3062.58
2024-05-23 20:00:00+00:00,3028.93
2024-05-23 20:35:00+00:00,3048.08
2024-05-23 21:09:00+00:00,3022.03
2024-05-23 21:16:00+00:00,3008.76
2024-05-23 21:17:00+00:00,2995.92
2024-05-23 21:44:00+00:00,2991.98
2024-05-24 05:29:00+00:00,2977.17
2024-05-24 14:25:00+00:00,2968.06
2024-05-24 15:13:00+00:00,2991.69
2024-05-24 18:02:00+00:00,2959.95
2024-05-25 10:43:00+00:00,2927.39
2024-05-27 15:22:00+00:00,2895.19
2024-05-28 01:50:00+00:00,2950.2
2024-05-28 04:30:00+00:00,2969.88
2024-05-28 08:47:00+00:00,2992.09
2024-05-28 10:17:00+00:00,2961.19
2024-05-28 13:49:00+00:00,2967.98
2024-05-28 14:19:00+00:00,2979.6
2024-05-28 15:41:00+00:00,2973.43
2024-05-28 18:36:00+00:00,2940.83
2024-05-28 19:53:00+00:00,2916.01
2024-05-29 02:28:00+00:00,2912.03
2024-05-29 13:14:00+00:00,2935.93
2024-05-29 13:49:00+00:00,2908.66
2024-05-29 15:46:00+00:00,2921.18
2024-05-29 21:48:00+00:00,2923.1
2024-05-30 04:32:00+00:00,2897.01
2024-05-30 08:07:00+00:00,2900.8
2024-05-30 10:35:00+00:00,2909.53
2024-05-30 13:46:00+00:00,2881.56
2024-05-30 17:41:00+00:00,2849.86
2024-05-31 14:39:00+00:00,2904.01
2024-05-31 16:09:00+00:00,2875.64
2024-05-31 19:27:00+00:00,2843.98
2024-06-01 15:08:00+00:00,2836.58
2024-06-01 23:08:00+00:00,2835.9
2024-06-02 07:08:00+00:00,2832.61
2024-06-02 14:33:00+00:00,2853.05
2024-06-02 19:17:00+00:00,2877.2
2024-06-02 21:05:00+00:00,2890.62
2024-06-03 01:52:00+00:00,2861.3
2024-06-03 12:22:00+00:00,2829.83
2024-06-03 14:02:00+00:00,2822.31
2024-06-03 14:32:00+00:00,2820.89
2024-06-04 15:50:00+00:00,2783.49
2024-06-04 17:39:00+00:00,2782.42
2024-06-04 18:22:00+00:00,2801.28
2024-06-04 19:32:00+00:00,2818.37
2024-06-04 22:15:00+00:00,2824.69
2024-06-05 15:18:00+00:00,2795.84
2024-06-07 12:30:00+00:00,2765.09
2024-06-07 18:01:00+00:00,2817.62
2024-06-07 18:14:00+00:00,2819.44
2024-06-09 11:43:00+00:00,2852.34
2024-06-10 15:06:00+00:00,2838.76
2024-06-11 01:52:00+00:00,2808.14
2024-06-11 02:18:00+00:00,2777.28
2024-06-11 06:24:00+00:00,2746.76
2024-06-11 09:47:00+00:00,2716.58
2024-06-11 13:56:00+00:00,2686.72
2024-06-11 15:44:00+00:00,2692.72
2024-06-11 17:26:00+00:00,2702.42
2024-06-11 18:23:00+00:00,2670.55
2024-06-12 12:30:00+00:00,2721.24
2024-06-12 13:04:00+00:00,2712.92
2024-06-12 13:25:00+00:00,2698.25
2024-06-12 14:24:00+00:00,2667.72
2024-06-12 17:54:00+00:00,2673.5
2024-06-12 19:30:00+00:00,2726.74
2024-06-12 19:47:00+00:00,2727.54
2024-06-12 19:50:00+00:00,2714.45
2024-06-12 20:40:00+00:00,2722.61
2024-06-13 02:06:00+00:00,2726.41
2024-06-13 03:02:00+00:00,2715.8
2024-06-13 04:01:00+00:00,2722.62
2024-06-13 09:43:00+00:00,2711.81
2024-06-13 10:55:00+00:00,2681.37
2024-06-13 12:33:00+00:00,2711.22
2024-06-13 12:36:00+00:00,2708.96
2024-06-13 12:41:00+00:00,2689.0
2024-06-13 13:25:00+00:00,2680.47
2024-06-13 13:51:00+00:00,2681.55
2024-06-13 14:39:00+00:00,2685.78
2024-06-13 15:24:00+00:00,2654.61
2024-06-14 15:48:00+00:00,2654.72
2024-06-14 16:08:00+00:00,2630.6
2024-06-14 16:10:00+00:00,2598.85
2024-06-14 17:03:00+00:00,2625.96
2024-06-14 18:08:00+00:00,2631.4
2024-06-14 19:29:00+00:00,2630.45
2024-06-14 21:43:00+00:00,2658.09
2024-06-15 05:26:00+00:00,2640.44
2024-06-15 13:26:00+00:00,2635.75
2024-06-15 20:18:00+00:00,2642.91
2024-06-17 06:54:00+00:00,2646.72
2024-06-17 09:53:00+00:00,2647.89
2024-06-17 13:49:00+00:00,2621.79
2024-06-17 18:08:00+00:00,2671.55
2024-06-17 20:03:00+00:00,2642.19
2024-06-18 00:49:00+00:00,2613.15
2024-06-18 01:42:00+00:00,2584.44
2024-06-18 01:44:00+00:00,2556.03
2024-06-18 10:06:00+00:00,2586.3
2024-06-18 11:36:00+00:00,2593.29
2024-06-18 14:08:00+00:00,2566.39
2024-06-18 15:24:00+00:00,2558.16
2024-06-18 16:13:00+00:00,2562.94
2024-06-18 18:12:00+00:00,2569.59
2024-06-18 19:22:00+00:00,2577.33
2024-06-18 21:48:00+00:00,2600.03
2024-06-19 01:04:00+00:00,2603.21
2024-06-20 16:04:00+00:00,2579.59
2024-06-21 13:33:00+00:00,2626.14
2024-06-21 13:51:00+00:00,2624.88
2024-06-21 15:28:00+00:00,2643.38
2024-06-22 07:56:00+00:00,2614.86
2024-06-22 18:08:00+00:00,2612.81
2024-06-23 02:08:00+00:00,2617.61
2024-06-24 00:04:00+00:00,2668.68
2024-06-24 09:30:00+00:00,2719.39
2024-06-24 16:39:00+00:00,2771.06
2024-06-24 19:55:00+00:00,2823.71
2024-06-24 21:32:00+00:00,2792.65
2024-06-25 00:54:00+00:00,2761.93
2024-06-25 03:34:00+00:00,2778.72
2024-06-25 14:29:00+00:00,2752.39
2024-06-25 16:23:00+00:00,2747.78
2024-06-25 17:59:00+00:00,2743.01
2024-06-25 18:28:00+00:00,2728.36
2024-06-25 18:47:00+00:00,2732.54
2024-06-25 19:08:00+00:00,2726.99
2024-06-25 23:09:00+00:00,2718.56
2024-06-26 02:09:00+00:00,2700.28
2024-06-26 02:45:00+00:00,2690.4
2024-06-26 10:47:00+00:00,2723.02
2024-06-26 11:15:00+00:00,2734.36
2024-06-26 16:51:00+00:00,2749.91
2024-06-26 17:08:00+00:00,2733.29
2024-06-27 03:23:00+00:00,2722.73
2024-06-27 05:26:00+00:00,2709.37
2024-06-27 12:30:00+00:00,2679.55
2024-06-27 14:00:00+00:00,2650.08
2024-06-27 14:36:00+00:00,2638.62
2024-06-27 23:32:00+00:00,2650.63
2024-06-28 01:21:00+00:00,2651.65
2024-06-28 13:56:00+00:00,2655.78
2024-06-28 14:18:00+00:00,2652.15
2024-06-30 14:02:00+00:00,2618.59
2024-06-30 22:26:00+00:00,2589.79
2024-07-01 01:11:00+00:00,2561.3
2024-07-01 02:11:00+00:00,2544.19
2024-07-01 04:38:00+00:00,2532.04
2024-07-01 13:31:00+00:00,2542.36
2024-07-01 13:42:00+00:00,2531.22
2024-07-01 15:10:00+00:00,2519.75
2024-07-01 16:11:00+00:00,2520.91
2024-07-01 18:18:00+00:00,2496.24
2024-07-02 03:26:00+00:00,2507.47
2024-07-02 06:11:00+00:00,2500.01
2024-07-03 01:55:00+00:00,2546.97
2024-07-03 10:33:00+00:00,2595.36
2024-07-03 13:38:00+00:00,2566.81
2024-07-04 01:43:00+00:00,2615.58
2024-07-04 01:54:00+00:00,2605.34
2024-07-04 02:00:00+00:00,2648.12
2024-07-04 02:02:00+00:00,2617.43
2024-07-04 02:16:00+00:00,2588.64
2024-07-04 08:40:00+00:00,2637.82
2024-07-04 11:07:00+00:00,2608.81
2024-07-04 15:54:00+00:00,2580.11
2024-07-04 18:31:00+00:00,2561.43
2024-07-04 19:22:00+00:00,2563.06
2024-07-04 19:55:00+00:00,2565.91
2024-07-04 21:20:00+00:00,2569.29
2024-07-04 22:05:00+00:00,2568.64
2024-07-04 22:57:00+00:00,2535.69
2024-07-04 23:34:00+00:00,2532.13
2024-07-04 23:41:00+00:00,2515.48
2024-07-05 02:30:00+00:00,2533.08
2024-07-05 02:53:00+00:00,2493.8
2024-07-05 03:01:00+00:00,2541.18
2024-07-05 03:04:00+00:00,2513.23
2024-07-05 03:08:00+00:00,2503.07
2024-07-05 03:11:00+00:00,2486.79
2024-07-05 04:15:00+00:00,2495.87
2024-07-05 04:17:00+00:00,2469.86
2024-07-05 04:19:00+00:00,2516.78
2024-07-05 04:25:00+00:00,2489.1
2024-07-05 04:58:00+00:00,2461.75
2024-07-05 05:16:00+00:00,2434.67
2024-07-05 06:16:00+00:00,2425.48
2024-07-05 06:32:00+00:00,2417.24
2024-07-05 08:59:00+00:00,2408.22
2024-07-05 09:23:00+00:00,2411.89
2024-07-05 09:45:00+00:00,2404.73
2024-07-05 10:11:00+00:00,2404.55
2024-07-05 10:13:00+00:00,2405.42
2024-07-05 10:21:00+00:00,2399.33
2024-07-05 10:43:00+00:00,2387.38
2024-07-05 11:12:00+00:00,2385.58
2024-07-05 12:19:00+00:00,2387.08
2024-07-05 13:32:00+00:00,2382.01
2024-07-05 13:59:00+00:00,2372.65
2024-07-05 16:32:00+00:00,2403.36
2024-07-05 16:49:00+00:00,2398.6
2024-07-05 18:15:00+00:00,2374.04
2024-07-06 13:49:00+00:00,2419.1
2024-07-06 16:48:00+00:00,2465.01
2024-07-06 21:51:00+00:00,2454.89
2024-07-06 23:18:00+00:00,2439.96
2024-07-07 00:38:00+00:00,2431.71
2024-07-07 01:55:00+00:00,2428.33
2024-07-07 04:51:00+00:00,2398.0
2024-07-07 07:22:00+00:00,2396.42
2024-07-07 13:24:00+00:00,2374.69
2024-07-07 21:23:00+00:00,2348.6
2024-07-07 23:45:00+00:00,2322.79
2024-07-08 00:43:00+00:00,2297.26
2024-07-08 01:28:00+00:00,2324.7
2024-07-08 03:19:00+00:00,2344.43
2024-07-08 03:34:00+00:00,2332.36
2024-07-08 08:03:00+00:00,2352.32
2024-07-08 08:15:00+00:00,2344.11
2024-07-08 08:48:00+00:00,2383.54
2024-07-08 13:35:00+00:00,2387.08
2024-07-08 13:50:00+00:00,2391.88
2024-07-08 14:27:00+00:00,2365.3
2024-07-08 14:29:00+00:00,2339.31
2024-07-08 14:32:00+00:00,2313.6
2024-07-08 14:34:00+00:00,2301.16
2024-07-08 14:37:00+00:00,2310.07
2024-07-08 15:11:00+00:00,2344.51
2024-07-08 15:43:00+00:00,2318.74
2024-07-08 22:26:00+00:00,2362.75
2024-07-09 06:31:00+00:00,2407.6
2024-07-10 04:07:00+00:00,2453.3
2024-07-10 05:33:00+00:00,2455.03
2024-07-10 06:48:00+00:00,2443.08
2024-07-10 08:19:00+00:00,2416.58
2024-07-10 12:32:00+00:00,2390.02
2024-07-10 15:43:00+00:00,2379.7
2024-07-10 16:50:00+00:00,2387.19
2024-07-10 20:28:00+00:00,2378.22
2024-07-11 01:43:00+00:00,2350.88
2024-07-11 03:18:00+00:00,2325.05
2024-07-11 11:38:00+00:00,2369.18
2024-07-11 13:43:00+00:00,2343.14
2024-07-11 14:21:00+00:00,2317.39
2024-07-11 15:31:00+00:00,2325.19
2024-07-11 19:23:00+00:00,2322.96
2024-07-12 01:14:00+00:00,2329.61
2024-07-12 01:25:00+00:00,2310.13
2024-07-12 03:20:00+00:00,2309.17
2024-07-12 15:27:00+00:00,2353.07
2024-07-12 19:32:00+00:00,2327.21
2024-07-12 20:24:00+00:00,2301.63
2024-07-13 09:55:00+00:00,2345.32
2024-07-13 12:46:00+00:00,2325.47
2024-07-13 22:53:00+00:00,2320.98
2024-07-13 22:58:00+00:00,2304.27
2024-07-13 23:27:00+00:00,2297.02
2024-07-14 05:19:00+00:00,2312.79
2024-07-14 06:00:00+00:00,2295.74
2024-07-14 12:52:00+00:00,2269.5
2024-07-14 14:50:00+00:00,2270.83
2024-07-14 20:39:00+00:00,2275.79
2024-07-14 21:57:00+00:00,2312.63
2024-07-15 01:16:00+00:00,2320.04
2024-07-15 01:32:00+00:00,2327.2
2024-07-15 02:55:00+00:00,2373.96
2024-07-15 09:04:00+00:00,2374.02
2024-07-15 12:38:00+00:00,2369.81
2024-07-15 14:03:00+00:00,2368.82
2024-07-15 16:54:00+00:00,2346.97
2024-07-15 22:11:00+00:00,2348.17
2024-07-15 22:33:00+00:00,2335.16
2024-07-16 05:39:00+00:00,2309.5
2024-07-16 06:54:00+00:00,2284.12
2024-07-16 08:20:00+00:00,2272.4
2024-07-16 10:06:00+00:00,2245.51
2024-07-16 15:20:00+00:00,2288.14
2024-07-16 16:45:00+00:00,2274.87
2024-07-16 17:49:00+00:00,2257.22
2024-07-17 01:13:00+00:00,2304.3
2024-07-17 07:32:00+00:00,2278.98
2024-07-17 08:30:00+00:00,2271.56
2024-07-17 11:36:00+00:00,2243.54
2024-07-17 16:11:00+00:00,2218.89
2024-07-18 14:47:00+00:00,2194.5
2024-07-18 16:44:00+00:00,2195.45
2024-07-18 18:12:00+00:00,2197.78
2024-07-19 13:40:00+00:00,2245.23
2024-07-19 16:01:00+00:00,2287.85
2024-07-20 15:21:00+00:00,2302.06
2024-07-20 17:13:00+00:00,2310.86
2024-07-20 21:02:00+00:00,2316.11
2024-07-21 01:49:00+00:00,2305.44
2024-07-21 06:16:00+00:00,2279.72
2024-07-21 17:49:00+00:00,2286.46
2024-07-21 17:52:00+00:00,2289.0
2024-07-21 18:08:00+00:00,2270.42
2024-07-21 19:31:00+00:00,2313.51
2024-07-22 00:47:00+00:00,2327.78
2024-07-22 01:18:00+00:00,2337.19
2024-07-22 06:37:00+00:00,2316.44
2024-07-22 14:23:00+00:00,2305.8
2024-07-22 15:09:00+00:00,2303.55
2024-07-22 15:47:00+00:00,2314.67
2024-07-22 17:32:00+00:00,2306.77
2024-07-22 23:11:00+00:00,2311.78
2024-07-23 01:29:00+00:00,2312.05
2024-07-23 04:36:00+00:00,2313.88
2024-07-23 05:21:00+00:00,2326.6
2024-07-23 13:31:00+00:00,2320.94
2024-07-23 13:43:00+00:00,2318.16
2024-07-23 19:43:00+00:00,2292.51
2024-07-23 20:49:00+00:00,2274.03
2024-07-24 03:35:00+00:00,2271.67
2024-07-24 08:08:00+00:00,2270.45
2024-07-24 17:08:00+00:00,2274.74
2024-07-24 18:34:00+00:00,2281.3
2024-07-24 19:53:00+00:00,2268.22
2024-07-24 21:53:00+00:00,2267.53
2024-07-25 01:07:00+00:00,2241.66
2024-07-25 01:12:00+00:00,2236.13
2024-07-25 01:26:00+00:00,2248.83
2024-07-25 14:06:00+00:00,2224.69
2024-07-25 14:29:00+00:00,2200.22
2024-07-25 18:47:00+00:00,2208.68
2024-07-25 20:06:00+00:00,2197.44
2024-07-25 20:40:00+00:00,2210.25
2024-07-25 21:14:00+00:00,2195.31
2024-07-26 02:25:00+00:00,2236.87
2024-07-26 14:25:00+00:00,2273.52
2024-07-26 15:01:00+00:00,2275.64
2024-07-26 19:24:00+00:00,2282.55
2024-07-26 21:27:00+00:00,2274.45
2024-07-27 01:58:00+00:00,2266.84
2024-07-27 12:03:00+00:00,2242.14
2024-07-27 13:14:00+00:00,2233.04
2024-07-27 13:46:00+00:00,2238.51
2024-07-27 19:31:00+00:00,2258.42
2024-07-27 19:41:00+00:00,2235.89
2024-07-27 20:20:00+00:00,2211.32
2024-07-27 20:26:00+00:00,2231.2
2024-07-27 20:45:00+00:00,2265.3
2024-07-27 20:47:00+00:00,2240.4
2024-07-27 20:50:00+00:00,2215.59
2024-07-27 21:12:00+00:00,2257.65
2024-07-27 23:56:00+00:00,2232.84
2024-07-28 04:31:00+00:00,2229.1
2024-07-28 05:02:00+00:00,2212.14
2024-07-28 11:43:00+00:00,2188.1
2024-07-29 02:34:00+00:00,2229.64
2024-07-29 13:46:00+00:00,2205.13
2024-07-29 15:07:00+00:00,2234.69
2024-07-29 16:25:00+00:00,2211.33
2024-07-29 23:13:00+00:00,2211.02
2024-07-30 00:20:00+00:00,2192.88
2024-07-30 03:07:00+00:00,2201.43
2024-07-30 07:11:00+00:00,2187.63
2024-07-30 14:02:00+00:00,2164.06
2024-07-30 15:25:00+00:00,2162.22
2024-07-30 20:09:00+00:00,2134.71
2024-07-31 05:50:00+00:00,2137.83
2024-07-31 13:38:00+00:00,2118.11
2024-07-31 19:19:00+00:00,2122.55
2024-07-31 19:42:00+00:00,2107.29
2024-07-31 21:15:00+00:00,2129.31
2024-08-01 00:27:00+00:00,2111.42
2024-08-01 09:10:00+00:00,2110.22
2024-08-01 14:59:00+00:00,2088.62
2024-08-01 15:31:00+00:00,2128.06
2024-08-01 16:45:00+00:00,2136.58
2024-08-01 17:40:00+00:00,2135.73
2024-08-01 17:58:00+00:00,2106.79
2024-08-01 19:24:00+00:00,2106.71
2024-08-01 20:35:00+00:00,2085.81
2024-08-01 21:00:00+00:00,2065.82
2024-08-02 02:23:00+00:00,2043.97
2024-08-02 13:32:00+00:00,2082.76
2024-08-02 14:36:00+00:00,2059.87
2024-08-02 14:53:00+00:00,2037.24
2024-08-02 15:06:00+00:00,2014.85
2024-08-02 15:24:00+00:00,2014.9
2024-08-02 15:45:00+00:00,1994.97
2024-08-02 18:50:00+00:00,1973.05
2024-08-02 20:27:00+00:00,1951.36
2024-08-02 21:25:00+00:00,1929.92
2024-08-03 00:54:00+00:00,1932.68
2024-08-03 01:10:00+00:00,1917.75
2024-08-03 02:18:00+00:00,1896.66
2024-08-03 11:22:00+00:00,1904.92
2024-08-03 16:17:00+00:00,1942.36
2024-08-03 16:30:00+00:00,1921.0
2024-08-03 21:03:00+00:00,1943.16
2024-08-03 21:13:00+00:00,1932.94
2024-08-03 21:45:00+00:00,1918.13
2024-08-04 02:02:00+00:00,1926.46
2024-08-04 14:52:00+00:00,1964.29
2024-08-04 17:22:00+00:00,2001.62
2024-08-04 18:09:00+00:00,2004.97
2024-08-04 19:23:00+00:00,2037.62
2024-08-04 21:21:00+00:00,2015.23
2024-08-04 23:01:00+00:00,2016.49
2024-08-04 23:47:00+00:00,2003.71
2024-08-05 00:16:00+00:00,2023.87
2024-08-05 00:18:00+00:00,2039.3
2024-08-05 00:37:00+00:00,2065.91
2024-08-05 00:57:00+00:00,2105.17
2024-08-05 01:01:00+00:00,2083.59
2024-08-05 01:06:00+00:00,2066.81
2024-08-05 01:09:00+00:00,2038.1
2024-08-05 01:10:00+00:00,2083.68
2024-08-05 01:12:00+00:00,2060.76
2024-08-05 01:14:00+00:00,2038.09
2024-08-05 01:16:00+00:00,2022.74
2024-08-05 01:24:00+00:00,2001.2
2024-08-05 01:27:00+00:00,2006.39
2024-08-05 01:33:00+00:00,1985.54
2024-08-05 01:36:00+00:00,1982.87
2024-08-05 02:03:00+00:00,1961.08
2024-08-05 03:25:00+00:00,1971.55
2024-08-05 04:35:00+00:00,1975.56
2024-08-05 04:53:00+00:00,1959.05
2024-08-05 05:13:00+00:00,1996.27
2024-08-05 05:22:00+00:00,1991.85
2024-08-05 06:05:00+00:00,1967.15
2024-08-05 06:07:00+00:00,1945.53
2024-08-05 06:17:00+00:00,1957.9
2024-08-05 06:18:00+00:00,1942.15
2024-08-05 06:21:00+00:00,1920.81
2024-08-05 06:24:00+00:00,1957.31
2024-08-05 06:26:00+00:00,1952.05
2024-08-05 06:27:00+00:00,1947.64
2024-08-05 06:32:00+00:00,1926.22
2024-08-05 06:48:00+00:00,1905.03
2024-08-05 07:20:00+00:00,1941.19
2024-08-05 07:34:00+00:00,1939.48
2024-08-05 07:37:00+00:00,1925.65
2024-08-05 07:42:00+00:00,1929.65
2024-08-05 08:11:00+00:00,1938.05
2024-08-05 08:16:00+00:00,1948.7
2024-08-05 09:06:00+00:00,1947.44
2024-08-05 09:46:00+00:00,1924.83
2024-08-05 10:15:00+00:00,1903.68
2024-08-05 10:36:00+00:00,1882.76
2024-08-05 10:44:00+00:00,1862.05
2024-08-05 11:11:00+00:00,1873.74
2024-08-05 11:28:00+00:00,1851.52
2024-08-05 12:04:00+00:00,1861.04
2024-08-05 12:13:00+00:00,1874.42
2024-08-05 12:18:00+00:00,1856.83
2024-08-05 12:41:00+00:00,1892.08
2024-08-05 12:46:00+00:00,1871.28
2024-08-05 12:53:00+00:00,1850.72
2024-08-05 13:05:00+00:00,1830.36
2024-08-05 13:26:00+00:00,1810.25
2024-08-05 13:33:00+00:00,1844.61
2024-08-05 13:37:00+00:00,1879.62
2024-08-05 13:39:00+00:00,1858.96
2024-08-05 13:41:00+00:00,1838.53
2024-08-05 13:49:00+00:00,1873.43
2024-08-05 14:00:00+00:00,1908.99
2024-08-05 14:04:00+00:00,1922.55
2024-08-05 14:10:00+00:00,1893.37
2024-08-05 14:15:00+00:00,1872.54
2024-08-05 14:40:00+00:00,1908.09
2024-08-05 15:01:00+00:00,1887.12
2024-08-05 15:11:00+00:00,1866.36
2024-08-05 15:34:00+00:00,1864.16
2024-08-05 15:49:00+00:00,1863.04
2024-08-05 16:14:00+00:00,1838.9
2024-08-05 16:25:00+00:00,1818.67
2024-08-05 17:06:00+00:00,1853.23
2024-08-05 17:15:00+00:00,1832.84
2024-08-05 18:22:00+00:00,1844.27
2024-08-05 18:43:00+00:00,1829.37
2024-08-05 19:15:00+00:00,1809.26
2024-08-05 19:56:00+00:00,1802.49
2024-08-05 19:59:00+00:00,1791.63
2024-08-05 21:02:00+00:00,1825.64
2024-08-06 00:17:00+00:00,1860.29
2024-08-06 02:36:00+00:00,1862.14
2024-08-06 08:47:00+00:00,1901.24
2024-08-06 09:31:00+00:00,1898.51
2024-08-06 12:45:00+00:00,1890.45
2024-08-06 13:26:00+00:00,1900.14
2024-08-06 13:41:00+00:00,1900.29
2024-08-06 13:53:00+00:00,1892.82
2024-08-06 14:07:00+00:00,1930.8
2024-08-06 14:18:00+00:00,1922.12
2024-08-06 14:47:00+00:00,1921.58
2024-08-06 15:13:00+00:00,1908.85
2024-08-06 16:12:00+00:00,1888.25
2024-08-06 18:03:00+00:00,1874.65
2024-08-06 18:16:00+00:00,1854.12
2024-08-06 21:13:00+00:00,1851.29
2024-08-06 22:26:00+00:00,1865.15
2024-08-06 23:53:00+00:00,1869.81
2024-08-07 02:25:00+00:00,1907.63
2024-08-07 02:51:00+00:00,1886.67
2024-08-07 08:38:00+00:00,1883.74
2024-08-07 11:08:00+00:00,1883.36
2024-08-07 14:33:00+00:00,1919.07
2024-08-07 15:37:00+00:00,1915.97
2024-08-07 18:31:00+00:00,1948.02
2024-08-07 21:43:00+00:00,1926.59
2024-08-07 22:40:00+00:00,1923.61
2024-08-08 00:58:00+00:00,1920.37
2024-08-08 01:44:00+00:00,1955.36
2024-08-08 01:46:00+00:00,1966.32
2024-08-08 06:57:00+00:00,1983.89
2024-08-08 12:24:00+00:00,1984.84
2024-08-08 12:31:00+00:00,1990.58
2024-08-08 12:34:00+00:00,1978.05
2024-08-08 13:49:00+00:00,2015.64
2024-08-08 14:37:00+00:00,2053.9
2024-08-08 15:36:00+00:00,2069.4
2024-08-08 16:02:00+00:00,2053.11
2024-08-08 23:25:00+00:00,2060.78
2024-08-09 00:10:00+00:00,2079.99
2024-08-09 01:03:00+00:00,2057.91
2024-08-09 05:03:00+00:00,2035.3
2024-08-09 14:03:00+00:00,2040.27
2024-08-09 14:30:00+00:00,2016.56
2024-08-09 14:33:00+00:00,2022.66
2024-08-09 14:48:00+00:00,2033.34
2024-08-09 17:15:00+00:00,2014.13
2024-08-09 20:13:00+00:00,1991.98
2024-08-09 22:31:00+00:00,1977.08
2024-08-10 00:19:00+00:00,1973.99
2024-08-10 13:57:00+00:00,1988.78
2024-08-10 18:12:00+00:00,2000.51
2024-08-11 02:12:00+00:00,2001.82
2024-08-11 09:38:00+00:00,2013.2
2024-08-11 15:04:00+00:00,2046.16
2024-08-11 20:21:00+00:00,2085.04
2024-08-11 22:03:00+00:00,2062.1
2024-08-12 01:18:00+00:00,2066.94
2024-08-12 06:52:00+00:00,2049.16
2024-08-12 07:40:00+00:00,2024.66
2024-08-12 11:34:00+00:00,2063.09
2024-08-12 13:43:00+00:00,2040.42
2024-08-12 13:56:00+00:00,2049.46
2024-08-12 14:16:00+00:00,2094.61
2024-08-12 15:14:00+00:00,2107.7
2024-08-12 15:23:00+00:00,2093.37
2024-08-12 15:25:00+00:00,2087.91
2024-08-12 16:15:00+00:00,2103.88
2024-08-12 18:46:00+00:00,2126.22
2024-08-12 20:51:00+00:00,2131.93
2024-08-12 23:18:00+00:00,2105.25
2024-08-13 02:15:00+00:00,2082.12
2024-08-13 16:14:00+00:00,2059.22
2024-08-13 16:39:00+00:00,2036.57
2024-08-13 17:51:00+00:00,2044.43
2024-08-13 19:14:00+00:00,2050.49
2024-08-14 03:28:00+00:00,2062.25
2024-08-14 12:29:00+00:00,2041.66
2024-08-14 13:41:00+00:00,2080.45
2024-08-14 14:25:00+00:00,2080.0
2024-08-14 15:29:00+00:00,2067.69
2024-08-14 15:41:00+00:00,2045.3
2024-08-14 16:48:00+00:00,2046.47
2024-08-14 18:45:00+00:00,2037.74
2024-08-15 07:29:00+00:00,2076.55
2024-08-15 12:30:00+00:00,2053.71
2024-08-15 13:01:00+00:00,2031.14
2024-08-15 18:01:00+00:00,2008.82
2024-08-15 18:12:00+00:00,2000.98
2024-08-15 19:10:00+00:00,2002.3
2024-08-15 19:11:00+00:00,1989.32
2024-08-15 20:54:00+00:00,1994.9
2024-08-15 20:55:00+00:00,1976.46
2024-08-15 21:38:00+00:00,1954.72
2024-08-16 03:45:00+00:00,1961.39
2024-08-16 06:19:00+00:00,1944.83
2024-08-16 12:23:00+00:00,1937.39
2024-08-16 13:15:00+00:00,1940.53
2024-08-16 13:16:00+00:00,1918.57
2024-08-16 13:17:00+00:00,1917.59
2024-08-16 16:14:00+00:00,1922.19
2024-08-16 18:02:00+00:00,1958.23
2024-08-16 21:12:00+00:00,1942.6
2024-08-17 01:43:00+00:00,1938.63
2024-08-17 09:43:00+00:00,1938.43
2024-08-18 00:39:00+00:00,1928.61
2024-08-18 02:58:00+00:00,1930.06
2024-08-18 03:06:00+00:00,1929.07
2024-08-18 03:58:00+00:00,1916.65
2024-08-18 12:46:00+00:00,1898.66
2024-08-18 17:24:00+00:00,1880.38
2024-08-19 09:49:00+00:00,1916.11
2024-08-19 13:18:00+00:00,1917.98
2024-08-19 13:51:00+00:00,1922.45
2024-08-19 15:00:00+00:00,1932.28
2024-08-19 17:33:00+00:00,1911.4
2024-08-20 00:31:00+00:00,1947.68
2024-08-20 04:13:00+00:00,1940.11
2024-08-20 15:00:00+00:00,1976.97
2024-08-20 16:10:00+00:00,1972.42
2024-08-20 18:12:00+00:00,1947.77
2024-08-21 06:27:00+00:00,1926.34
2024-08-21 13:42:00+00:00,1940.5
2024-08-21 13:57:00+00:00,1942.34
2024-08-21 13:59:00+00:00,1932.96
2024-08-21 14:16:00+00:00,1911.71
2024-08-21 16:48:00+00:00,1910.8
2024-08-21 18:24:00+00:00,1922.42
2024-08-21 19:06:00+00:00,1902.26
2024-08-21 20:01:00+00:00,1881.33
2024-08-21 20:33:00+00:00,1888.79
2024-08-22 02:29:00+00:00,1872.44
2024-08-22 02:52:00+00:00,1851.86
2024-08-22 06:05:00+00:00,1865.55
2024-08-22 14:49:00+00:00,1873.3
2024-08-23 00:39:00+00:00,1881.22
2024-08-23 06:50:00+00:00,1875.13
2024-08-23 11:43:00+00:00,1854.35
2024-08-23 14:00:00+00:00,1835.35
2024-08-23 14:47:00+00:00,1815.18
2024-08-23 17:46:00+00:00,1849.63
2024-08-23 21:20:00+00:00,1884.74
2024-08-25 00:05:00+00:00,1864.01
2024-08-25 15:19:00+00:00,1849.04
2024-08-25 23:42:00+00:00,1861.52
2024-08-26 02:20:00+00:00,1865.94
2024-08-26 09:32:00+00:00,1849.93
2024-08-26 14:38:00+00:00,1829.6
2024-08-26 17:53:00+00:00,1817.14
2024-08-26 21:21:00+00:00,1815.15
2024-08-27 10:06:00+00:00,1798.59
2024-08-27 15:34:00+00:00,1778.82
2024-08-27 21:38:00+00:00,1812.62
2024-08-27 21:48:00+00:00,1792.7
2024-08-27 22:09:00+00:00,1773.0
2024-08-27 22:14:00+00:00,1806.69
2024-08-27 22:40:00+00:00,1840.98
2024-08-28 08:28:00+00:00,1853.83
2024-08-28 09:51:00+00:00,1864.71
2024-08-28 09:58:00+00:00,1846.37
2024-08-28 14:10:00+00:00,1842.76
2024-08-28 14:46:00+00:00,1822.42
2024-08-28 16:19:00+00:00,1802.39
2024-08-28 17:57:00+00:00,1823.85
2024-08-28 18:54:00+00:00,1801.23
2024-08-28 19:11:00+00:00,1812.74
2024-08-28 20:21:00+00:00,1795.13
2024-08-28 20:24:00+00:00,1796.79
2024-08-28 20:28:00+00:00,1808.37
2024-08-29 05:50:00+00:00,1798.53
2024-08-29 11:23:00+00:00,1811.36
2024-08-29 13:36:00+00:00,1793.49
2024-08-29 15:34:00+00:00,1773.76
2024-08-29 18:10:00+00:00,1754.27
2024-08-29 19:37:00+00:00,1757.02
2024-08-29 22:08:00+00:00,1734.52
2024-08-30 12:30:00+00:00,1715.44
2024-08-30 13:57:00+00:00,1708.28
2024-08-30 14:15:00+00:00,1709.24
2024-08-30 14:55:00+00:00,1693.33
2024-08-30 16:27:00+00:00,1674.72
2024-08-30 18:22:00+00:00,1656.3
2024-08-30 22:54:00+00:00,1662.41
2024-08-31 06:54:00+00:00,1663.0
2024-08-31 22:54:00+00:00,1656.99
2024-09-01 05:27:00+00:00,1689.32
2024-09-01 18:26:00+00:00,1687.66
2024-09-01 22:20:00+00:00,1668.06
2024-09-01 22:26:00+00:00,1666.64
2024-09-01 23:14:00+00:00,1661.36
2024-09-02 02:08:00+00:00,1652.25
2024-09-02 09:56:00+00:00,1668.49
2024-09-02 14:11:00+00:00,1670.07
2024-09-02 14:31:00+00:00,1680.02
2024-09-02 20:55:00+00:00,1663.35
2024-09-03 02:09:00+00:00,1661.58
2024-09-03 06:26:00+00:00,1639.48
2024-09-03 13:35:00+00:00,1633.37
2024-09-03 13:54:00+00:00,1618.03
2024-09-03 14:48:00+00:00,1631.53
2024-09-03 19:11:00+00:00,1640.65
2024-09-03 23:27:00+00:00,1649.5
2024-09-04 00:55:00+00:00,1652.36
2024-09-04 01:01:00+00:00,1678.03
2024-09-04 01:35:00+00:00,1659.57
2024-09-04 05:40:00+00:00,1641.33
2024-09-04 14:48:00+00:00,1623.28
2024-09-04 15:44:00+00:00,1621.7
2024-09-04 15:55:00+00:00,1611.51
2024-09-05 03:07:00+00:00,1633.01
2024-09-05 06:23:00+00:00,1617.95
2024-09-05 09:36:00+00:00,1608.32
2024-09-05 12:20:00+00:00,1607.47
2024-09-05 13:37:00+00:00,1614.71
2024-09-05 14:00:00+00:00,1613.16
2024-09-05 14:24:00+00:00,1607.81
2024-09-05 14:50:00+00:00,1616.27
2024-09-05 15:25:00+00:00,1602.79
2024-09-05 21:35:00+00:00,1585.17
2024-09-06 00:11:00+00:00,1580.62
2024-09-06 07:22:00+00:00,1562.49
2024-09-06 12:30:00+00:00,1545.3
2024-09-06 13:41:00+00:00,1528.32
2024-09-06 14:13:00+00:00,1539.95
2024-09-06 14:29:00+00:00,1526.75
2024-09-06 15:17:00+00:00,1509.97
2024-09-06 16:49:00+00:00,1493.38
2024-09-06 18:26:00+00:00,1476.97
2024-09-06 19:45:00+00:00,1459.52
2024-09-06 19:48:00+00:00,1453.08
2024-09-06 20:34:00+00:00,1451.52
2024-09-06 20:50:00+00:00,1440.4
2024-09-06 21:28:00+00:00,1452.26
2024-09-06 23:46:00+00:00,1438.32
2024-09-07 15:07:00+00:00,1422.5
2024-09-08 01:22:00+00:00,1421.0
2024-09-08 15:54:00+00:00,1406.46
2024-09-08 22:22:00+00:00,1433.15
2024-09-08 22:56:00+00:00,1417.4
2024-09-08 23:27:00+00:00,1425.1
2024-09-09 01:02:00+00:00,1422.16
2024-09-09 03:18:00+00:00,1414.45
2024-09-09 09:05:00+00:00,1397.02
2024-09-09 15:31:00+00:00,1397.88
2024-09-09 16:12:00+00:00,1385.43
2024-09-09 21:14:00+00:00,1411.73
2024-09-09 21:35:00+00:00,1406.18
2024-09-10 00:01:00+00:00,1392.96
2024-09-10 04:35:00+00:00,1390.68
2024-09-10 17:11:00+00:00,1399.35
2024-09-10 18:15:00+00:00,1388.07
2024-09-11 01:31:00+00:00,1389.73
2024-09-11 01:34:00+00:00,1376.85
2024-09-11 05:27:00+00:00,1394.73
2024-09-11 07:29:00+00:00,1402.33
2024-09-11 12:46:00+00:00,1404.88
2024-09-11 13:30:00+00:00,1417.03
2024-09-11 13:57:00+00:00,1433.1
2024-09-11 15:05:00+00:00,1428.79
2024-09-11 15:38:00+00:00,1419.33
2024-09-11 16:54:00+00:00,1423.22
2024-09-11 17:42:00+00:00,1430.48
2024-09-11 18:51:00+00:00,1434.12
2024-09-12 00:36:00+00:00,1438.24
2024-09-12 01:59:00+00:00,1442.31
2024-09-12 04:15:00+00:00,1447.76
2024-09-12 06:27:00+00:00,1456.75
2024-09-12 12:37:00+00:00,1456.2
2024-09-12 14:34:00+00:00,1439.36
2024-09-12 15:00:00+00:00,1423.54
2024-09-13 14:57:00+00:00,1407.89
2024-09-13 15:34:00+00:00,1392.4
2024-09-13 22:23:00+00:00,1409.61
2024-09-15 17:09:00+00:00,1406.94
2024-09-15 21:04:00+00:00,1402.82
2024-09-16 00:32:00+00:00,1418.28
2024-09-16 02:16:00+00:00,1409.51
2024-09-16 07:47:00+00:00,1392.86
2024-09-16 13:33:00+00:00,1403.05
2024-09-16 14:00:00+00:00,1407.51
2024-09-16 17:45:00+00:00,1423.97
2024-09-16 18:14:00+00:00,1419.07
2024-09-16 20:59:00+00:00,1420.17
2024-09-17 00:53:00+00:00,1423.54
2024-09-17 05:34:00+00:00,1408.35
2024-09-17 14:12:00+00:00,1435.08
2024-09-17 14:25:00+00:00,1419.29
2024-09-17 15:06:00+00:00,1403.68
2024-09-17 16:20:00+00:00,1395.43
2024-09-18 00:37:00+00:00,1412.33
2024-09-18 10:13:00+00:00,1409.98
2024-09-18 13:40:00+00:00,1404.49
2024-09-18 16:04:00+00:00,1398.64
2024-09-18 16:39:00+00:00,1380.87
2024-09-18 18:00:00+00:00,1365.68
2024-09-18 18:04:00+00:00,1350.67
2024-09-18 18:33:00+00:00,1354.1
2024-09-18 18:36:00+00:00,1349.44
2024-09-18 18:43:00+00:00,1339.67
2024-09-18 19:01:00+00:00,1333.55
2024-09-18 19:21:00+00:00,1323.84
2024-09-18 20:32:00+00:00,1334.65
2024-09-18 22:28:00+00:00,1343.09
2024-09-18 23:22:00+00:00,1333.33
2024-09-19 00:02:00+00:00,1346.93
2024-09-19 00:21:00+00:00,1350.82
2024-09-19 01:05:00+00:00,1341.89
2024-09-19 10:07:00+00:00,1338.18
2024-09-19 13:46:00+00:00,1349.23
2024-09-19 16:34:00+00:00,1338.63
2024-09-19 22:20:00+00:00,1323.34
2024-09-20 07:16:00+00:00,1334.51
2024-09-20 14:24:00+00:00,1346.43
2024-09-20 17:24:00+00:00,1338.56
2024-09-20 18:58:00+00:00,1335.85
2024-09-22 09:44:00+00:00,1331.57
2024-09-22 21:58:00+00:00,1323.55
2024-09-22 22:24:00+00:00,1324.6
2024-09-22 22:39:00+00:00,1316.0
2024-09-23 00:16:00+00:00,1300.77
2024-09-23 00:52:00+00:00,1286.46
2024-09-23 03:24:00+00:00,1274.55
2024-09-23 04:19:00+00:00,1266.79
2024-09-23 05:10:00+00:00,1267.49
2024-09-23 12:51:00+00:00,1258.29
2024-09-23 14:11:00+00:00,1250.26
2024-09-23 14:38:00+00:00,1250.63
2024-09-23 16:22:00+00:00,1247.58
2024-09-24 06:01:00+00:00,1244.3
2024-09-24 08:36:00+00:00,1234.44
2024-09-24 11:08:00+00:00,1226.88
2024-09-24 14:02:00+00:00,1225.61
2024-09-24 14:26:00+00:00,1223.52
2024-09-24 15:08:00+00:00,1221.71
2024-09-24 17:25:00+00:00,1223.97
2024-09-24 19:49:00+00:00,1215.73
2024-09-24 21:34:00+00:00,1216.08
2024-09-25 00:18:00+00:00,1210.69
2024-09-25 03:07:00+00:00,1215.0
2024-09-25 14:08:00+00:00,1225.63
2024-09-25 17:34:00+00:00,1210.88
2024-09-26 00:48:00+00:00,1197.57
2024-09-26 05:53:00+00:00,1212.87
2024-09-26 10:19:00+00:00,1205.21
2024-09-26 13:40:00+00:00,1205.04
2024-09-26 14:09:00+00:00,1201.06
2024-09-26 19:57:00+00:00,1201.21
2024-09-26 21:21:00+00:00,1201.2
2024-09-27 11:25:00+00:00,1209.38
2024-09-27 14:11:00+00:00,1195.62
2024-09-27 16:23:00+00:00,1187.13
2024-09-27 17:26:00+00:00,1187.09
2024-09-28 16:06:00+00:00,1182.84
2024-09-28 23:50:00+00:00,1179.73
2024-09-29 07:50:00+00:00,1170.99
2024-09-30 01:47:00+00:00,1174.51
2024-09-30 02:33:00+00:00,1164.5
2024-09-30 08:47:00+00:00,1151.7
2024-09-30 11:55:00+00:00,1160.29
2024-09-30 16:40:00+00:00,1154.61
2024-09-30 23:02:00+00:00,1154.78
2024-10-01 13:33:00+00:00,1155.85
2024-10-01 14:02:00+00:00,1160.73
2024-10-01 14:11:00+00:00,1151.12
2024-10-01 15:28:00+00:00,1157.85
2024-10-01 16:57:00+00:00,1155.34
2024-10-01 17:10:00+00:00,1157.9
2024-10-01 17:18:00+00:00,1153.18
2024-10-01 17:22:00+00:00,1151.77
2024-10-01 20:25:00+00:00,1144.26
2024-10-01 20:35:00+00:00,1141.88
2024-10-01 22:39:00+00:00,1148.93
2024-10-02 01:25:00+00:00,1135.02
2024-10-02 07:35:00+00:00,1127.49
2024-10-02 09:48:00+00:00,1114.75
2024-10-02 16:05:00+00:00,1135.91
2024-10-02 17:34:00+00:00,1123.43
2024-10-02 19:00:00+00:00,1111.08
2024-10-03 03:27:00+00:00,1120.55
2024-10-03 07:51:00+00:00,1124.52
2024-10-03 08:18:00+00:00,1113.39
2024-10-03 12:03:00+00:00,1110.84
2024-10-03 13:16:00+00:00,1100.09
2024-10-03 14:02:00+00:00,1101.34
2024-10-03 15:04:00+00:00,1109.32
2024-10-03 17:11:00+00:00,1109.3
2024-10-03 18:20:00+00:00,1103.62
2024-10-03 19:59:00+00:00,1104.64
2024-10-04 00:53:00+00:00,1110.18
2024-10-04 12:30:00+00:00,1133.64
2024-10-04 12:54:00+00:00,1135.51
2024-10-04 13:25:00+00:00,1139.77
2024-10-04 14:27:00+00:00,1126.91
2024-10-04 19:02:00+00:00,1148.3
2024-10-05 06:39:00+00:00,1149.72
2024-10-05 14:39:00+00:00,1149.59
2024-10-05 20:09:00+00:00,1141.48
2024-10-06 04:09:00+00:00,1136.81
2024-10-06 19:30:00+00:00,1153.85
2024-10-07 00:49:00+00:00,1141.72
2024-10-07 09:20:00+00:00,1149.58
2024-10-07 13:45:00+00:00,1148.9
2024-10-07 14:14:00+00:00,1137.12
2024-10-07 14:52:00+00:00,1137.45
2024-10-07 18:16:00+00:00,1126.24
2024-10-07 23:00:00+00:00,1131.96
2024-10-07 23:08:00+00:00,1130.49
2024-10-08 07:20:00+00:00,1138.01
2024-10-08 09:50:00+00:00,1142.87
2024-10-08 13:35:00+00:00,1138.92
2024-10-08 14:00:00+00:00,1138.81
2024-10-08 14:10:00+00:00,1140.17
2024-10-08 14:30:00+00:00,1132.78
2024-10-08 15:27:00+00:00,1130.57
2024-10-08 15:47:00+00:00,1126.55
2024-10-08 16:37:00+00:00,1127.5
2024-10-08 17:50:00+00:00,1120.83
2024-10-09 18:13:00+00:00,1125.43
2024-10-09 19:12:00+00:00,1116.7
2024-10-09 20:55:00+00:00,1111.19
2024-10-09 21:28:00+00:00,1103.92
2024-10-10 00:10:00+00:00,1099.74
2024-10-10 01:47:00+00:00,1093.6
2024-10-10 13:23:00+00:00,1097.34
2024-10-10 13:47:00+00:00,1102.32
2024-10-10 16:29:00+00:00,1099.28
2024-10-10 17:52:00+00:00,1105.89
2024-10-10 18:03:00+00:00,1098.4
2024-10-10 18:56:00+00:00,1099.34
2024-10-10 20:07:00+00:00,1104.8
2024-10-11 01:52:00+00:00,1093.94
2024-10-11 12:30:00+00:00,1081.91
2024-10-12 10:19:00+00:00,1075.19
2024-10-12 18:25:00+00:00,1074.59
2024-10-13 01:18:00+00:00,1073.13
2024-10-13 09:18:00+00:00,1070.74
2024-10-14 03:34:00+00:00,1059.43
2024-10-14 04:01:00+00:00,1047.78
2024-10-14 07:33:00+00:00,1047.22
2024-10-14 08:01:00+00:00,1037.38
2024-10-14 11:30:00+00:00,1025.97
2024-10-14 13:46:00+00:00,1028.03
2024-10-14 14:16:00+00:00,1019.49
2024-10-14 14:47:00+00:00,1030.73
2024-10-14 22:21:00+00:00,1030.22
2024-10-15 03:33:00+00:00,1019.39
2024-10-15 13:40:00+00:00,1008.18
2024-10-15 13:58:00+00:00,1027.31
2024-10-15 14:17:00+00:00,1016.02
2024-10-15 14:41:00+00:00,1035.33
2024-10-15 14:47:00+00:00,1035.17
2024-10-15 14:58:00+00:00,1038.0
2024-10-15 16:08:00+00:00,1022.52
2024-10-15 20:36:00+00:00,1026.45
2024-10-15 21:20:00+00:00,1022.36
2024-10-15 22:34:00+00:00,1009.91
2024-10-16 10:16:00+00:00,998.8
2024-10-17 13:43:00+00:00,1011.69
2024-10-17 14:02:00+00:00,1005.94
2024-10-17 15:35:00+00:00,995.5
2024-10-18 01:46:00+00:00,984.55
2024-10-18 15:29:00+00:00,973.72
2024-10-20 22:52:00+00:00,963.01
2024-10-21 13:17:00+00:00,981.31
2024-10-23 09:12:00+00:00,999.96
2024-10-23 13:46:00+00:00,988.96
2024-10-24 00:48:00+00:00,978.08
2024-10-24 13:43:00+00:00,967.32
2024-10-24 21:17:00+00:00,956.68
2024-10-25 13:51:00+00:00,960.39
2024-10-25 14:22:00+00:00,963.37
2024-10-25 17:55:00+00:00,983.36
2024-10-25 23:14:00+00:00,1002.04
2024-10-25 23:55:00+00:00,991.02
2024-10-27 13:03:00+00:00,980.12
2024-10-28 07:13:00+00:00,969.34
2024-10-28 13:43:00+00:00,958.67
2024-10-28 22:05:00+00:00,948.13
2024-10-29 02:05:00+00:00,937.7
2024-10-29 02:21:00+00:00,927.39
2024-10-29 15:22:00+00:00,917.18
2024-10-29 16:23:00+00:00,907.1
2024-10-29 19:00:00+00:00,901.79
2024-10-29 22:48:00+00:00,891.87
2024-10-30 10:00:00+00:00,890.17
2024-10-30 11:46:00+00:00,884.47
2024-10-30 21:04:00+00:00,874.26
2024-10-31 14:02:00+00:00,890.88
2024-11-01 01:33:00+00:00,907.8
2024-11-01 12:20:00+00:00,903.97
2024-11-01 14:18:00+00:00,917.85
2024-11-01 19:14:00+00:00,935.29
2024-11-02 02:29:00+00:00,925.0
2024-11-03 02:35:00+00:00,942.58
2024-11-03 04:39:00+00:00,932.21
2024-11-03 21:01:00+00:00,921.96
2024-11-04 17:02:00+00:00,939.47
2024-11-05 04:14:00+00:00,929.14
2024-11-05 14:24:00+00:00,918.92
2024-11-05 14:50:00+00:00,908.81
2024-11-06 00:31:00+00:00,898.82
2024-11-06 02:15:00+00:00,888.93
2024-11-06 02:28:00+00:00,879.15
2024-11-06 02:54:00+00:00,869.48
2024-11-06 03:17:00+00:00,859.92
2024-11-06 04:34:00+00:00,850.46
2024-11-06 06:21:00+00:00,841.1
2024-11-06 07:42:00+00:00,857.09
2024-11-06 11:19:00+00:00,847.66
2024-11-06 13:18:00+00:00,847.9
2024-11-06 19:26:00+00:00,865.65
2024-11-07 04:38:00+00:00,856.14
2024-11-07 07:46:00+00:00,849.94
2024-11-07 17:57:00+00:00,866.85
2024-11-10 04:33:00+00:00,883.31
2024-11-10 04:53:00+00:00,900.07
2024-11-10 14:37:00+00:00,898.83
2024-11-10 17:06:00+00:00,892.7
2024-11-10 20:55:00+00:00,883.82
2024-11-10 22:07:00+00:00,900.59
2024-11-11 04:29:00+00:00,909.99
2024-11-11 05:26:00+00:00,911.22
2024-11-11 12:20:00+00:00,925.78
2024-11-11 12:40:00+00:00,921.85
2024-11-11 15:32:00+00:00,938.95
2024-11-11 18:59:00+00:00,956.77
2024-11-11 21:17:00+00:00,974.93
2024-11-11 22:17:00+00:00,964.22
2024-11-11 23:01:00+00:00,982.52
2024-11-11 23:44:00+00:00,971.72
2024-11-12 00:12:00+00:00,961.04
2024-11-12 00:19:00+00:00,950.48
2024-11-12 00:55:00+00:00,968.52
2024-11-12 02:18:00+00:00,957.88
2024-11-12 02:54:00+00:00,947.35
2024-11-12 06:41:00+00:00,965.33
2024-11-12 09:09:00+00:00,954.72
2024-11-12 10:06:00+00:00,944.23
2024-11-12 10:47:00+00:00,933.86
2024-11-12 11:24:00+00:00,951.58
2024-11-12 12:52:00+00:00,941.12
2024-11-12 13:36:00+00:00,930.78
2024-11-12 15:00:00+00:00,948.45
2024-11-12 15:43:00+00:00,938.02
2024-11-12 17:23:00+00:00,947.41
2024-11-12 17:31:00+00:00,943.65
2024-11-12 19:14:00+00:00,960.34
2024-11-12 19:40:00+00:00,955.19
2024-11-12 19:52:00+00:00,956.18
2024-11-12 21:19:00+00:00,953.2
2024-11-12 21:52:00+00:00,951.92
2024-11-12 22:10:00+00:00,943.91
2024-11-13 01:22:00+00:00,940.44
2024-11-13 01:55:00+00:00,934.2
2024-11-13 02:20:00+00:00,924.7
2024-11-13 04:31:00+00:00,923.17
2024-11-13 04:37:00+00:00,925.56
2024-11-13 07:04:00+00:00,925.54
2024-11-13 07:39:00+00:00,921.54
2024-11-13 13:43:00+00:00,937.83
2024-11-13 15:45:00+00:00,955.63
2024-11-13 16:37:00+00:00,949.33
2024-11-13 16:47:00+00:00,953.02
2024-11-13 19:12:00+00:00,941.08
2024-11-13 19:36:00+00:00,930.74
2024-11-13 20:01:00+00:00,920.51
2024-11-13 21:05:00+00:00,910.4
2024-11-13 23:39:00+00:00,927.68
2024-11-14 01:12:00+00:00,928.91
2024-11-14 01:23:00+00:00,935.48
2024-11-14 11:50:00+00:00,952.93
2024-11-14 14:38:00+00:00,942.46
2024-11-14 14:45:00+00:00,932.1
2024-11-14 15:00:00+00:00,921.86
2024-11-14 16:03:00+00:00,917.14
2024-11-14 16:09:00+00:00,914.42
2024-11-14 21:09:00+00:00,903.11
2024-11-14 23:41:00+00:00,893.18
2024-11-15 09:11:00+00:00,901.58
2024-11-15 09:25:00+00:00,899.99
2024-11-15 15:21:00+00:00,888.25
2024-11-15 17:40:00+00:00,905.11
2024-11-15 20:18:00+00:00,922.29
2024-11-16 02:16:00+00:00,922.22
2024-11-16 05:24:00+00:00,922.26
2024-11-16 12:07:00+00:00,915.89
2024-11-16 15:20:00+00:00,917.47
2024-11-16 18:10:00+00:00,921.62
2024-11-17 02:07:00+00:00,932.22
2024-11-17 22:03:00+00:00,924.91
2024-11-18 06:22:00+00:00,942.46
2024-11-18 07:00:00+00:00,935.05
2024-11-18 11:44:00+00:00,935.4
2024-11-18 13:04:00+00:00,928.25
2024-11-18 15:37:00+00:00,945.87
2024-11-18 18:44:00+00:00,935.48
2024-11-19 09:28:00+00:00,945.0
2024-11-19 12:20:00+00:00,934.74
2024-11-19 13:54:00+00:00,924.66
2024-11-19 17:34:00+00:00,942.21
2024-11-19 22:31:00+00:00,931.85
2024-11-20 09:21:00+00:00,949.54
2024-11-20 14:48:00+00:00,962.09
2024-11-20 16:16:00+00:00,963.72
2024-11-20 16:54:00+00:00,961.04
2024-11-20 23:20:00+00:00,961.57
2024-11-21 02:27:00+00:00,965.05
2024-11-21 03:25:00+00:00,954.35
2024-11-21 04:04:00+00:00,943.85
2024-11-21 04:55:00+00:00,942.96
2024-11-21 05:17:00+00:00,942.97
2024-11-21 05:51:00+00:00,944.91
2024-11-21 09:07:00+00:00,946.95
2024-11-21 11:02:00+00:00,943.53
2024-11-21 12:50:00+00:00,940.71
2024-11-21 13:27:00+00:00,944.79
2024-11-21 13:37:00+00:00,947.84
2024-11-21 15:28:00+00:00,956.3
2024-11-21 15:39:00+00:00,951.75
2024-11-21 15:56:00+00:00,940.62
2024-11-21 17:29:00+00:00,932.2
2024-11-21 18:30:00+00:00,937.99
2024-11-21 19:10:00+00:00,936.92
2024-11-22 00:47:00+00:00,936.41
2024-11-22 02:40:00+00:00,940.05
2024-11-22 03:19:00+00:00,934.11
2024-11-22 07:18:00+00:00,931.86
2024-11-22 09:11:00+00:00,934.99
2024-11-22 13:27:00+00:00,925.61
2024-11-22 13:50:00+00:00,922.74
2024-11-22 16:50:00+00:00,914.7
2024-11-23 17:06:00+00:00,925.21
2024-11-23 20:08:00+00:00,924.5
2024-11-24 01:12:00+00:00,914.42
2024-11-24 10:46:00+00:00,918.77
2024-11-24 12:42:00+00:00,909.59
2024-11-24 23:02:00+00:00,899.59
2024-11-25 09:12:00+00:00,889.69
2024-11-25 13:18:00+00:00,879.92
2024-11-25 14:42:00+00:00,880.64
2024-11-25 14:51:00+00:00,875.99
2024-11-25 18:41:00+00:00,882.25
2024-11-25 19:23:00+00:00,877.64
2024-11-25 19:29:00+00:00,874.31
2024-11-25 20:04:00+00:00,868.78
2024-11-25 22:39:00+00:00,885.4
2024-11-25 22:55:00+00:00,875.66
2024-11-26 04:07:00+00:00,871.26
2024-11-26 06:05:00+00:00,875.26
2024-11-26 08:18:00+00:00,892.98
2024-11-26 09:05:00+00:00,883.16
2024-11-26 11:24:00+00:00,894.44
2024-11-26 11:52:00+00:00,893.65
2024-11-26 14:41:00+00:00,884.0
2024-11-26 16:25:00+00:00,874.28
2024-11-26 18:33:00+00:00,890.89
2024-11-27 04:53:00+00:00,889.46
2024-11-27 06:10:00+00:00,891.18
2024-11-27 10:44:00+00:00,883.19
2024-11-27 13:58:00+00:00,873.47
2024-11-27 15:50:00+00:00,863.87
2024-11-27 16:57:00+00:00,863.64
2024-11-27 17:35:00+00:00,865.49
2024-11-27 20:14:00+00:00,856.71
2024-11-28 09:58:00+00:00,867.14
2024-11-28 13:55:00+00:00,871.22
2024-11-29 02:11:00+00:00,863.03
2024-11-29 14:39:00+00:00,853.54
2024-11-30 01:01:00+00:00,861.08
2024-11-30 05:57:00+00:00,859.53
2024-11-30 10:18:00+00:00,862.95
2024-11-30 16:51:00+00:00,863.31
2024-11-30 22:52:00+00:00,865.2
2024-12-01 08:26:00+00:00,865.32
2024-12-01 20:32:00+00:00,867.01
2024-12-02 01:21:00+00:00,872.12
2024-12-02 07:28:00+00:00,890.69
2024-12-02 14:43:00+00:00,880.9
2024-12-02 17:58:00+00:00,897.64
2024-12-02 20:02:00+00:00,887.76
2024-12-03 02:03:00+00:00,888.81
2024-12-03 02:39:00+00:00,893.18
2024-12-03 06:57:00+00:00,894.3
2024-12-03 10:56:00+00:00,886.19
2024-12-03 13:54:00+00:00,887.25
2024-12-03 14:08:00+00:00,887.35
2024-12-03 14:50:00+00:00,879.21
2024-12-04 01:35:00+00:00,869.54
2024-12-04 02:15:00+00:00,862.09
2024-12-04 05:25:00+00:00,853.04
2024-12-04 13:49:00+00:00,859.29
2024-12-04 14:33:00+00:00,861.22
2024-12-04 19:52:00+00:00,853.86
2024-12-04 20:10:00+00:00,857.33
2024-12-04 20:21:00+00:00,849.64
2024-12-04 23:32:00+00:00,840.29
2024-12-05 02:30:00+00:00,831.05
2024-12-05 02:33:00+00:00,821.91
2024-12-05 02:42:00+00:00,837.51
2024-12-05 03:06:00+00:00,828.29
2024-12-05 03:08:00+00:00,819.18
2024-12-05 06:19:00+00:00,834.75
2024-12-05 09:02:00+00:00,825.57
2024-12-05 14:51:00+00:00,816.49
2024-12-05 15:23:00+00:00,812.59
2024-12-05 15:28:00+00:00,807.89
2024-12-05 18:58:00+00:00,823.24
2024-12-05 20:04:00+00:00,838.88
2024-12-05 20:17:00+00:00,842.91
2024-12-05 20:31:00+00:00,844.82
2024-12-05 20:51:00+00:00,833.7
2024-12-05 22:05:00+00:00,834.9
2024-12-05 22:20:00+00:00,831.66
2024-12-05 22:27:00+00:00,846.64
2024-12-05 22:29:00+00:00,815.69
2024-12-05 22:31:00+00:00,831.17
2024-12-05 22:45:00+00:00,829.53
2024-12-05 22:52:00+00:00,831.79
2024-12-05 23:26:00+00:00,820.67
2024-12-06 00:41:00+00:00,811.65
2024-12-06 14:03:00+00:00,802.72
2024-12-06 17:39:00+00:00,804.69
2024-12-06 17:43:00+00:00,797.7
2024-12-06 23:21:00+00:00,799.3
2024-12-06 23:24:00+00:00,794.26
2024-12-07 17:26:00+00:00,794.83
2024-12-08 11:30:00+00:00,793.28
2024-12-08 13:46:00+00:00,786.73
2024-12-08 15:03:00+00:00,782.14
2024-12-08 23:21:00+00:00,772.65
2024-12-09 00:16:00+00:00,773.26
2024-12-09 03:54:00+00:00,786.53
2024-12-09 07:10:00+00:00,783.37
2024-12-09 13:18:00+00:00,781.81
2024-12-09 15:09:00+00:00,789.68
2024-12-09 15:41:00+00:00,803.85
2024-12-09 18:25:00+00:00,803.46
2024-12-09 19:40:00+00:00,794.79
2024-12-09 20:52:00+00:00,794.79
2024-12-09 21:03:00+00:00,788.42
2024-12-09 21:05:00+00:00,779.76
2024-12-09 21:08:00+00:00,788.22
2024-12-09 21:15:00+00:00,785.15
2024-12-09 21:39:00+00:00,786.82
2024-12-09 22:05:00+00:00,788.29
2024-12-09 22:22:00+00:00,781.82
2024-12-09 22:24:00+00:00,773.22
2024-12-09 22:39:00+00:00,770.45
2024-12-10 00:29:00+00:00,778.3
2024-12-10 03:27:00+00:00,791.39
2024-12-10 03:42:00+00:00,794.26
2024-12-10 04:37:00+00:00,792.17
2024-12-10 06:56:00+00:00,795.47
2024-12-10 12:43:00+00:00,794.76
2024-12-10 14:39:00+00:00,797.27
2024-12-10 14:46:00+00:00,791.96
2024-12-10 15:21:00+00:00,788.72
2024-12-10 16:00:00+00:00,802.58
2024-12-10 16:56:00+00:00,806.73
2024-12-10 17:06:00+00:00,809.7
2024-12-10 17:29:00+00:00,805.34
2024-12-10 19:11:00+00:00,796.79
2024-12-10 20:49:00+00:00,788.02
2024-12-11 01:56:00+00:00,793.37
2024-12-11 02:32:00+00:00,798.19
2024-12-11 03:05:00+00:00,790.79
2024-12-11 14:35:00+00:00,782.09
2024-12-11 15:20:00+00:00,773.49
2024-12-12 00:21:00+00:00,776.42
2024-12-12 02:56:00+00:00,774.99
2024-12-12 13:18:00+00:00,779.06
2024-12-12 13:37:00+00:00,775.45
2024-12-12 15:47:00+00:00,766.62
2024-12-12 19:18:00+00:00,781.19
2024-12-13 14:44:00+00:00,777.45
2024-12-13 15:57:00+00:00,768.83
2024-12-14 01:03:00+00:00,776.71
2024-12-14 01:25:00+00:00,772.56
2024-12-14 02:12:00+00:00,766.53
2024-12-14 18:05:00+00:00,771.1
2024-12-15 01:56:00+00:00,776.13
2024-12-15 06:44:00+00:00,777.5
2024-12-15 12:40:00+00:00,785.67
2024-12-15 23:05:00+00:00,784.58
2024-12-15 23:57:00+00:00,788.99
2024-12-16 00:30:00+00:00,780.47
2024-12-16 11:50:00+00:00,795.3
2024-12-16 14:36:00+00:00,786.55
2024-12-16 15:12:00+00:00,777.9
2024-12-16 18:15:00+00:00,773.92
2024-12-16 19:14:00+00:00,764.73
2024-12-17 03:43:00+00:00,756.31
2024-12-17 14:57:00+00:00,748.0
2024-12-17 22:22:00+00:00,757.35
2024-12-18 01:55:00+00:00,749.81
2024-12-18 04:26:00+00:00,754.24
2024-12-18 06:48:00+00:00,746.6
2024-12-18 07:07:00+00:00,742.01
2024-12-18 11:05:00+00:00,745.1
2024-12-18 14:31:00+00:00,743.23
2024-12-18 16:18:00+00:00,736.95
2024-12-18 20:03:00+00:00,745.36
2024-12-18 20:07:00+00:00,739.24
2024-12-18 20:10:00+00:00,747.09
2024-12-18 20:13:00+00:00,739.04
2024-12-18 20:15:00+00:00,740.92
2024-12-18 23:50:00+00:00,753.35
2024-12-19 00:15:00+00:00,754.97
2024-12-19 02:19:00+00:00,763.48
2024-12-19 02:27:00+00:00,760.63
2024-12-19 02:56:00+00:00,750.36
2024-12-19 10:48:00+00:00,764.6
2024-12-19 14:32:00+00:00,756.28
2024-12-19 14:44:00+00:00,753.71
2024-12-19 15:24:00+00:00,766.61
2024-12-19 17:15:00+00:00,764.7
2024-12-19 17:30:00+00:00,759.61
2024-12-19 17:54:00+00:00,773.22
2024-12-19 18:21:00+00:00,781.37
2024-12-19 18:26:00+00:00,779.71
2024-12-19 18:36:00+00:00,773.71
2024-12-19 19:47:00+00:00,788.41
2024-12-19 19:57:00+00:00,787.58
2024-12-19 20:18:00+00:00,794.95
2024-12-19 22:53:00+00:00,803.88
2024-12-19 23:21:00+00:00,807.67
2024-12-20 00:17:00+00:00,806.13
2024-12-20 01:16:00+00:00,807.98
2024-12-20 01:41:00+00:00,807.54
2024-12-20 01:59:00+00:00,810.91
2024-12-20 02:16:00+00:00,814.29
2024-12-20 04:42:00+00:00,805.77
2024-12-20 06:59:00+00:00,804.69
2024-12-20 08:06:00+00:00,808.22
2024-12-20 08:47:00+00:00,822.09
2024-12-20 09:48:00+00:00,816.46
2024-12-20 11:20:00+00:00,821.03
2024-12-20 11:27:00+00:00,814.35
2024-12-20 11:38:00+00:00,809.86
2024-12-20 11:51:00+00:00,812.16
2024-12-20 12:02:00+00:00,817.35
2024-12-20 12:19:00+00:00,816.11
2024-12-20 12:46:00+00:00,808.15
2024-12-20 13:31:00+00:00,799.0
2024-12-20 14:00:00+00:00,793.6
2024-12-20 14:31:00+00:00,794.65
2024-12-20 15:14:00+00:00,788.23
2024-12-20 15:47:00+00:00,779.56
2024-12-20 17:26:00+00:00,780.03
2024-12-20 19:19:00+00:00,778.36
2024-12-20 21:06:00+00:00,785.51
2024-12-20 21:14:00+00:00,778.06
2024-12-20 22:18:00+00:00,771.99
2024-12-21 05:40:00+00:00,776.13
2024-12-21 05:59:00+00:00,768.88
2024-12-21 07:37:00+00:00,771.13
2024-12-21 08:24:00+00:00,774.13
2024-12-21 12:33:00+00:00,766.4
2024-12-21 13:22:00+00:00,762.98
2024-12-21 20:11:00+00:00,756.98
2024-12-21 21:20:00+00:00,751.71
2024-12-22 03:01:00+00:00,753.25
2024-12-22 04:44:00+00:00,752.55
2024-12-22 14:51:00+00:00,757.82
2024-12-22 18:04:00+00:00,756.3
2024-12-22 18:30:00+00:00,754.37
2024-12-22 19:32:00+00:00,750.6
2024-12-22 22:02:00+00:00,752.54
2024-12-22 23:05:00+00:00,756.48
2024-12-23 01:09:00+00:00,768.96
2024-12-23 01:32:00+00:00,768.1
2024-12-23 03:14:00+00:00,760.5
2024-12-23 05:10:00+00:00,760.32
2024-12-23 06:35:00+00:00,755.58
2024-12-23 09:05:00+00:00,747.27
2024-12-23 14:52:00+00:00,761.47
2024-12-23 22:22:00+00:00,753.1
2024-12-24 00:06:00+00:00,748.0
2024-12-24 13:51:00+00:00,739.96
2024-12-24 14:26:00+00:00,731.82
2024-12-24 16:02:00+00:00,723.77
2024-12-24 18:12:00+00:00,726.41
2024-12-25 09:28:00+00:00,729.77
2024-12-25 12:44:00+00:00,724.92
2024-12-25 19:15:00+00:00,720.66
2024-12-25 21:22:00+00:00,714.61
2024-12-26 00:03:00+00:00,707.01
2024-12-26 07:30:00+00:00,720.45
2024-12-26 08:08:00+00:00,712.53
2024-12-26 09:33:00+00:00,715.0
2024-12-26 14:11:00+00:00,716.59
2024-12-26 14:35:00+00:00,720.68
2024-12-26 16:58:00+00:00,728.62
2024-12-26 17:33:00+00:00,732.39
2024-12-26 21:16:00+00:00,728.74
2024-12-27 01:41:00+00:00,723.15
2024-12-27 04:39:00+00:00,725.24
2024-12-27 07:47:00+00:00,733.87
2024-12-27 08:10:00+00:00,733.82
2024-12-27 09:05:00+00:00,727.59
2024-12-27 15:17:00+00:00,741.42
2024-12-28 10:01:00+00:00,742.63
2024-12-28 14:23:00+00:00,744.51
2024-12-29 14:53:00+00:00,747.61
2024-12-29 16:20:00+00:00,742.01
2024-12-29 23:37:00+00:00,743.22
2024-12-30 01:37:00+00:00,744.03
2024-12-30 13:13:00+00:00,747.04
2024-12-30 13:51:00+00:00,742.83
2024-12-30 14:35:00+00:00,737.88
2024-12-30 14:59:00+00:00,738.42
2024-12-30 17:36:00+00:00,728.96
2024-12-30 18:13:00+00:00,720.94
2024-12-30 21:04:00+00:00,722.18
2024-12-30 21:39:00+00:00,714.79
2024-12-31 00:00:00+00:00,717.96
