entry_datetime,entry_fee_pct,avg_entry_price,exit_datetime,exit_fee_pct,avg_exit_price,position_size_pct,trade_return_pct,account_return_pct,cum_account_return,direction,status,action,balance
2024-04-30 22:21:00+00:00,0.05,60435.0,2024-05-01 02:09:00+00:00,0.05,59830.65,99.95,-1.0995,-1.099,-1.099,Long,Closed,SL - Static,9890.1
2024-05-01 07:01:00+00:00,0.05,59408.50000000001,2024-05-01 07:08:00+00:00,0.05,58814.415,99.95,-1.0995,-1.099,-2.1859,Long,Closed,SL - Static,9781.42
2024-05-01 07:36:00+00:00,0.05,57292.7,2024-05-01 08:21:00+00:00,0.05,56719.772999999994,99.95,-1.0995,-1.099,-3.2609,Long,Closed,SL - Static,9673.92
2024-05-01 12:12:00+00:00,0.05,58009.899999999994,2024-05-01 13:33:00+00:00,0.05,57429.801,99.95,-1.0995,-1.099,-4.3241,Long,Closed,SL - Static,9567.61
2024-05-01 14:12:00+00:00,0.05,57213.9,2024-05-01 17:15:00+00:00,0.05,56641.761,99.95,-1.0995,-1.099,-5.3755,Long,Closed,SL - Static,9462.47
2024-05-01 18:34:00+00:00,0.05,58061.3,2024-05-01 18:52:00+00:00,0.05,59222.526000000005,99.95,1.899,1.8981,-3.5795,Long,Closed,TP - Static,9642.07
2024-05-01 19:34:00+00:00,0.05,57525.0,2024-05-01 19:57:00+00:00,0.05,56949.75,99.95,-1.0995,-1.099,-4.6391,Long,Closed,SL - Static,9536.11
2024-05-01 23:41:00+00:00,0.05,58206.2,2024-05-02 00:56:00+00:00,0.05,57624.138,99.95,-1.0995,-1.099,-5.6872,Long,Closed,SL - Static,9431.31
2024-05-02 01:35:00+00:00,0.05,57285.99999999999,2024-05-02 11:20:00+00:00,0.05,58431.72,99.95,1.899,1.8981,-3.897,Long,Closed,TP - Static,9610.32
2024-05-02 15:16:00+00:00,0.05,59242.90000000001,2024-05-02 20:40:00+00:00,0.05,58650.471,99.95,-1.0995,-1.099,-4.9532,Long,Closed,SL - Static,9504.71
2024-05-03 12:46:00+00:00,0.05,60403.8,2024-05-03 13:32:00+00:00,0.05,61611.876000000004,99.95,1.899,1.8981,-3.1491,Long,Closed,TP - Static,9685.12
2024-05-03 14:02:00+00:00,0.05,61654.100000000006,2024-05-03 20:37:00+00:00,0.05,62887.182,99.95,1.899,1.8981,-1.3108,Long,Closed,TP - Static,9868.94
2024-05-03 20:49:00+00:00,0.05,63013.7,2024-05-03 21:36:00+00:00,0.05,62383.562999999995,99.95,-1.0995,-1.099,-2.3954,Long,Closed,SL - Static,9760.49
2024-05-04 10:59:00+00:00,0.05,64259.1,2024-05-05 01:26:00+00:00,0.05,63175.3,100.05,1.5875,1.5882,-0.8452,Short,Closed,TP - Direction Change,9905.65
2024-05-05 01:26:00+00:00,0.05,63175.30000000001,2024-05-05 15:28:00+00:00,0.05,64438.806000000004,99.95,1.899,1.8981,1.0369,Long,Closed,TP - Static,10103.55
2024-05-06 15:00:00+00:00,0.05,63231.4,2024-05-07 08:37:00+00:00,0.05,64284.0,100.14,1.5638,1.5661,2.6192,Long,Closed,TP - Direction Change,10241.85
2024-05-07 08:37:00+00:00,0.05,64283.99999999999,2024-05-07 13:58:00+00:00,0.05,63213.0,100.16,1.5669,1.5694,4.2297,Short,Closed,TP - Direction Change,10400.5
2024-05-07 13:58:00+00:00,0.05,63213.00000000001,2024-05-07 23:02:00+00:00,0.05,62580.87,99.95,-1.0995,-1.099,3.0842,Long,Closed,SL - Static,10307.65
2024-05-08 13:14:00+00:00,0.05,61914.6,2024-05-08 22:12:00+00:00,0.05,61295.454,99.95,-1.0995,-1.099,1.9513,Long,Closed,SL - Static,10194.37
2024-05-09 11:03:00+00:00,0.05,60809.9,2024-05-09 12:31:00+00:00,0.05,61417.999,99.95,-1.1005,-1.1,0.8299,Short,Closed,SL - Static,10082.24
2024-05-09 15:09:00+00:00,0.05,61755.0,2024-05-09 22:43:00+00:00,0.05,62990.1,99.95,1.899,1.8981,2.7437,Long,Closed,TP - Static,10273.61
2024-05-09 22:47:00+00:00,0.05,62957.0,2024-05-10 14:19:00+00:00,0.05,62327.43,99.95,-1.0995,-1.099,1.6146,Long,Closed,SL - Static,10160.7
2024-05-10 14:35:00+00:00,0.05,62064.0,2024-05-10 14:50:00+00:00,0.05,61443.36,99.95,-1.0995,-1.099,0.4978,Long,Closed,SL - Static,10049.04
2024-05-10 16:04:00+00:00,0.05,60734.0,2024-05-10 17:51:00+00:00,0.05,60126.659999999996,99.95,-1.0995,-1.099,-0.6067,Long,Closed,SL - Static,9938.61
2024-05-11 16:05:00+00:00,0.05,61100.0,2024-05-13 07:54:00+00:00,0.05,62322.0,99.95,1.899,1.8981,1.2799,Long,Closed,TP - Static,10127.25
2024-05-13 08:09:00+00:00,0.05,62488.19999999999,2024-05-14 06:12:00+00:00,0.05,61863.318,99.95,-1.0995,-1.099,0.1669,Long,Closed,SL - Static,10015.96
2024-05-14 06:20:00+00:00,0.05,61554.1,2024-05-15 09:52:00+00:00,0.05,62785.182,99.95,1.899,1.8981,2.0681,Long,Closed,TP - Static,10206.06
2024-05-15 12:30:00+00:00,0.05,62627.600000000006,2024-05-15 12:31:00+00:00,0.05,63880.152,99.95,1.899,1.8981,4.0055,Long,Closed,TP - Static,10399.78
2024-05-15 15:13:00+00:00,0.05,64563.7,2024-05-15 19:21:00+00:00,0.05,65854.974,99.95,1.899,1.8981,5.9796,Long,Closed,TP - Static,10597.17
2024-05-15 19:39:00+00:00,0.05,65934.5,2024-05-16 16:31:00+00:00,0.05,65275.155,99.95,-1.0995,-1.099,4.8149,Long,Closed,SL - Static,10480.72
2024-05-16 17:28:00+00:00,0.05,64924.5,2024-05-17 06:50:00+00:00,0.05,65934.1,100.05,1.4543,1.455,6.34,Long,Closed,TP - Direction Change,10622.73
2024-05-17 06:50:00+00:00,0.05,65934.1,2024-05-17 14:57:00+00:00,0.05,66593.441,99.95,-1.1005,-1.1,5.1702,Short,Closed,SL - Static,10516.1
2024-05-17 15:28:00+00:00,0.05,67062.7,2024-05-17 18:06:00+00:00,0.05,66392.07299999999,99.95,-1.0995,-1.099,4.0144,Long,Closed,SL - Static,10400.53
2024-05-18 15:29:00+00:00,0.05,66771.6,2024-05-19 10:32:00+00:00,0.05,67439.316,99.95,-1.1005,-1.1,2.8702,Short,Closed,SL - Static,10286.13
2024-05-19 15:30:00+00:00,0.05,66879.9,2024-05-19 19:10:00+00:00,0.05,66211.101,99.95,-1.0995,-1.099,1.7397,Long,Closed,SL - Static,10173.09
2024-05-20 15:31:00+00:00,0.05,67155.1,2024-05-20 16:44:00+00:00,0.05,68144.0,100.11,1.3718,1.3734,3.137,Long,Closed,TP - Direction Change,10296.14
2024-05-20 16:44:00+00:00,0.05,68144.0,2024-05-20 19:21:00+00:00,0.05,68825.44,99.95,-1.1005,-1.1,2.0025,Short,Closed,SL - Static,10199.14
2024-05-20 19:23:00+00:00,0.05,69094.4,2024-05-20 19:32:00+00:00,0.05,69785.344,99.95,-1.1005,-1.1,0.8804,Short,Closed,SL - Static,10086.96
2024-05-20 23:17:00+00:00,0.05,70241.1,2024-05-20 23:23:00+00:00,0.05,70943.51100000001,99.95,-1.1005,-1.1,-0.2292,Short,Closed,SL - Static,9976.01
2024-05-20 23:28:00+00:00,0.05,71278.4,2024-05-21 00:17:00+00:00,0.05,71991.184,99.95,-1.1005,-1.1,-1.3267,Short,Closed,SL - Static,9866.28
2024-05-21 14:28:00+00:00,0.05,70516.0,2024-05-22 04:45:00+00:00,0.05,69372.7,100.12,1.5221,1.5239,0.177,Short,Closed,TP - Direction Change,10000.02
2024-05-22 04:45:00+00:00,0.05,69372.7,2024-05-22 15:42:00+00:00,0.05,70321.4,100.17,1.2669,1.269,1.4482,Long,Closed,TP - Direction Change,10121.0
2024-05-22 15:42:00+00:00,0.05,70321.4,2024-05-22 21:09:00+00:00,0.05,68914.972,99.95,1.901,1.9,3.3757,Short,Closed,TP - Static,10335.94
2024-05-23 13:49:00+00:00,0.05,68436.0,2024-05-23 18:13:00+00:00,0.05,67067.28,99.95,1.901,1.9,5.3399,Short,Closed,TP - Static,10532.32
2024-05-23 21:03:00+00:00,0.05,68129.2,2024-05-24 05:42:00+00:00,0.05,67203.5,100.11,1.2594,1.2608,6.668,Short,Closed,TP - Direction Change,10648.09
2024-05-24 05:42:00+00:00,0.05,67203.5,2024-05-24 15:09:00+00:00,0.05,68189.9,100.03,1.367,1.3674,8.1266,Long,Closed,TP - Direction Change,10802.24
2024-05-24 15:09:00+00:00,0.05,68189.9,2024-05-24 17:57:00+00:00,0.05,68871.799,99.95,-1.1005,-1.1,6.9372,Short,Closed,SL - Static,10691.71
2024-05-25 10:45:00+00:00,0.05,69240.0,2024-05-27 15:12:00+00:00,0.05,69932.4,99.95,-1.1005,-1.1,5.7609,Short,Closed,SL - Static,10574.11
2024-05-27 16:03:00+00:00,0.05,70519.9,2024-05-27 19:51:00+00:00,0.05,69109.502,99.95,1.901,1.9,7.7703,Short,Closed,TP - Static,10775.02
2024-05-28 03:10:00+00:00,0.05,68434.5,2024-05-28 18:39:00+00:00,0.05,67499.5,100.29,1.267,1.2706,9.1397,Short,Closed,TP - Direction Change,10875.4
2024-05-28 18:39:00+00:00,0.05,67499.5,2024-05-28 19:18:00+00:00,0.05,68267.1,100.1,1.0366,1.0377,10.2722,Long,Closed,TP - Direction Change,11008.3
2024-05-28 19:18:00+00:00,0.05,68267.1,2024-05-29 02:29:00+00:00,0.05,68949.77100000001,99.95,-1.1005,-1.1,9.0592,Short,Closed,SL - Static,10903.26
2024-05-29 16:03:00+00:00,0.05,67345.8,2024-05-30 02:17:00+00:00,0.05,68019.258,99.95,-1.1005,-1.1,7.8596,Short,Closed,SL - Static,10783.33
2024-05-30 02:31:00+00:00,0.05,68191.7,2024-05-30 12:30:00+00:00,0.05,68079.1,99.72,0.0652,0.065,7.9297,Short,Closed,TP - Direction Change,10815.29
2024-05-30 12:30:00+00:00,0.05,68079.1,2024-05-30 17:37:00+00:00,0.05,69292.8,100.08,1.6819,1.6832,9.7463,Long,Closed,TP - Direction Change,10958.15
2024-05-30 17:37:00+00:00,0.05,69292.8,2024-05-30 20:10:00+00:00,0.05,68351.9,100.4,1.2585,1.2636,11.1331,Short,Closed,TP - Direction Change,11060.09
2024-05-30 20:10:00+00:00,0.05,68351.9,2024-05-31 14:38:00+00:00,0.05,67668.381,99.95,-1.0995,-1.099,9.9117,Long,Closed,SL - Static,10987.67
2024-05-31 16:06:00+00:00,0.05,67214.0,2024-05-31 19:43:00+00:00,0.05,67886.14,99.95,-1.1005,-1.1,8.7027,Short,Closed,SL - Static,10866.81
2024-05-31 19:53:00+00:00,0.05,67922.0,2024-06-03 01:52:00+00:00,0.05,68601.22,99.95,-1.1005,-1.1,7.507,Short,Closed,SL - Static,10747.28
2024-06-03 02:02:00+00:00,0.05,68655.3,2024-06-03 08:28:00+00:00,0.05,69341.853,99.95,-1.1005,-1.1,6.3244,Short,Closed,SL - Static,10629.07
2024-06-03 12:39:00+00:00,0.05,69565.0,2024-06-03 13:46:00+00:00,0.05,70260.65,99.95,-1.1005,-1.1,5.1548,Short,Closed,SL - Static,10512.16
2024-06-03 14:55:00+00:00,0.05,68914.5,2024-06-03 15:58:00+00:00,0.05,69603.645,99.95,-1.1005,-1.1,3.9981,Short,Closed,SL - Static,10396.53
2024-06-04 09:17:00+00:00,0.05,68758.8,2024-06-04 13:23:00+00:00,0.05,69446.388,99.95,-1.1005,-1.1,2.8541,Short,Closed,SL - Static,10282.17
2024-06-04 13:45:00+00:00,0.05,69594.9,2024-06-04 15:50:00+00:00,0.05,70290.849,99.95,-1.1005,-1.1,1.7228,Short,Closed,SL - Static,10169.07
2024-06-04 16:17:00+00:00,0.05,70606.6,2024-06-05 01:35:00+00:00,0.05,71312.66600000001,99.95,-1.1005,-1.1,0.6038,Short,Closed,SL - Static,10057.22
2024-06-05 16:12:00+00:00,0.05,71728.0,2024-06-06 20:01:00+00:00,0.05,70293.44,99.95,1.901,1.9,2.5153,Short,Closed,TP - Static,10248.31
2024-06-07 16:14:00+00:00,0.05,71120.5,2024-06-07 18:00:00+00:00,0.05,69698.09,99.95,1.901,1.9,4.4631,Short,Closed,TP - Static,10443.03
2024-06-07 18:04:00+00:00,0.05,69524.8,2024-06-10 15:54:00+00:00,0.05,70220.04800000001,99.95,-1.1005,-1.1,3.314,Short,Closed,SL - Static,10328.16
2024-06-10 18:07:00+00:00,0.05,69920.2,2024-06-11 01:58:00+00:00,0.05,68521.796,99.95,1.901,1.9,5.2769,Short,Closed,TP - Static,10524.4
2024-06-11 02:18:00+00:00,0.05,68504.6,2024-06-11 09:49:00+00:00,0.05,67134.508,99.95,1.901,1.9,7.2772,Short,Closed,TP - Static,10724.37
2024-06-11 15:40:00+00:00,0.05,66694.7,2024-06-11 18:32:00+00:00,0.05,67053.0,99.9,-0.6375,-0.6369,6.594,Short,Closed,SL - Direction Change,10660.91
2024-06-11 18:32:00+00:00,0.05,67053.0,2024-06-12 10:02:00+00:00,0.05,67903.3,100.1,1.1675,1.1687,7.8397,Long,Closed,TP - Direction Change,10763.92
2024-06-12 10:02:00+00:00,0.05,67903.3,2024-06-12 12:30:00+00:00,0.05,68582.333,99.95,-1.1005,-1.1,6.6535,Short,Closed,SL - Static,10661.81
2024-06-12 19:39:00+00:00,0.05,68369.3,2024-06-13 03:38:00+00:00,0.05,67001.914,99.95,1.901,1.9,8.6799,Short,Closed,TP - Static,10864.38
2024-06-13 12:30:00+00:00,0.05,67851.8,2024-06-13 14:29:00+00:00,0.05,67173.282,99.95,-1.0995,-1.099,7.4855,Long,Closed,SL - Static,10744.99
2024-06-13 15:56:00+00:00,0.05,66523.6,2024-06-14 05:46:00+00:00,0.05,67188.83600000001,99.95,-1.1005,-1.1,6.3032,Short,Closed,SL - Static,10626.8
2024-06-14 13:27:00+00:00,0.05,67268.0,2024-06-14 16:08:00+00:00,0.05,65922.64,99.95,1.901,1.9,8.3229,Short,Closed,TP - Static,10828.72
2024-06-14 16:28:00+00:00,0.05,65591.6,2024-06-14 21:31:00+00:00,0.05,66247.516,99.95,-1.1005,-1.1,7.1314,Short,Closed,SL - Static,10709.6
2024-06-14 21:36:00+00:00,0.05,66335.7,2024-06-17 18:10:00+00:00,0.05,66999.057,99.95,-1.1005,-1.1,5.9529,Short,Closed,SL - Static,10591.8
2024-06-18 00:49:00+00:00,0.05,65834.6,2024-06-18 14:05:00+00:00,0.05,64517.908,99.95,1.901,1.9,7.966,Short,Closed,TP - Static,10793.05
2024-06-19 01:13:00+00:00,0.05,65346.00000000001,2024-06-20 10:56:00+00:00,0.05,65999.46,99.95,-1.1005,-1.1,6.7784,Short,Closed,SL - Static,10674.34
2024-06-20 13:31:00+00:00,0.05,65251.3,2024-06-21 08:49:00+00:00,0.05,63946.274000000005,99.95,1.901,1.9,8.8072,Short,Closed,TP - Static,10877.15
2024-06-21 13:32:00+00:00,0.05,63561.1,2024-06-21 14:33:00+00:00,0.05,64196.710999999996,99.95,-1.1005,-1.1,7.6103,Short,Closed,SL - Static,10757.51
2024-06-21 14:50:00+00:00,0.05,64238.30000000001,2024-06-24 00:05:00+00:00,0.05,62953.534,99.95,1.901,1.9,9.6549,Short,Closed,TP - Static,10961.91
2024-06-24 04:10:00+00:00,0.05,62732.40000000001,2024-06-24 09:30:00+00:00,0.05,62129.6,100.46,0.8614,0.8654,10.6039,Short,Closed,TP - Direction Change,11000.18
2024-06-24 09:30:00+00:00,0.05,62129.6,2024-06-24 09:33:00+00:00,0.05,61508.304,99.95,-1.0995,-1.099,9.3883,Long,Closed,SL - Static,10934.78
2024-06-24 16:46:00+00:00,0.05,60487.19999999999,2024-06-24 17:11:00+00:00,0.05,59882.327999999994,99.95,-1.0995,-1.099,8.1861,Long,Closed,SL - Static,10814.61
2024-06-24 19:55:00+00:00,0.05,59692.4,2024-06-24 20:30:00+00:00,0.05,58498.552,99.95,1.901,1.9,10.2417,Short,Closed,TP - Static,11020.1
2024-06-24 20:38:00+00:00,0.05,59241.9,2024-06-24 21:23:00+00:00,0.05,59834.319,99.95,-1.1005,-1.1,9.029,Short,Closed,SL - Static,10898.88
2024-06-24 21:58:00+00:00,0.05,60009.50000000001,2024-06-25 00:54:00+00:00,0.05,60609.595,99.95,-1.1005,-1.1,7.8297,Short,Closed,SL - Static,10779.0
2024-06-25 03:04:00+00:00,0.05,60694.6,2024-06-25 03:44:00+00:00,0.05,61513.4,100.05,1.2484,1.2489,9.1764,Long,Closed,TP - Direction Change,10903.24
2024-06-25 03:44:00+00:00,0.05,61513.40000000001,2024-06-25 14:29:00+00:00,0.05,62128.534,99.95,-1.1005,-1.1,7.9755,Short,Closed,SL - Static,10793.45
2024-06-26 02:10:00+00:00,0.05,62263.4,2024-06-26 05:20:00+00:00,0.05,61640.766,99.95,-1.0995,-1.099,6.7888,Long,Closed,SL - Static,10674.84
2024-06-26 05:26:00+00:00,0.05,61600.1,2024-06-27 13:04:00+00:00,0.05,61409.1,99.76,0.2102,0.2097,7.0127,Short,Closed,TP - Direction Change,10717.32
2024-06-27 13:04:00+00:00,0.05,61409.09999999999,2024-06-27 14:10:00+00:00,0.05,62284.5,100.04,1.3248,1.3253,8.431,Long,Closed,TP - Direction Change,10829.45
2024-06-27 14:10:00+00:00,0.05,62284.50000000001,2024-06-28 14:18:00+00:00,0.05,61038.81,99.95,1.901,1.9,10.4912,Short,Closed,TP - Static,11044.86
2024-06-28 14:50:00+00:00,0.05,60895.0,2024-06-28 19:17:00+00:00,0.05,60286.05,99.95,-1.0995,-1.099,9.2769,Long,Closed,SL - Static,10923.48
2024-06-29 14:51:00+00:00,0.05,61003.1,2024-06-30 07:10:00+00:00,0.05,61516.1,100.41,0.7405,0.7436,10.0895,Long,Closed,TP - Direction Change,10954.35
2024-06-30 07:10:00+00:00,0.05,61516.1,2024-06-30 20:23:00+00:00,0.05,62131.261,99.95,-1.1005,-1.1,8.8785,Short,Closed,SL - Static,10883.29
2024-06-30 22:26:00+00:00,0.05,62377.6,2024-06-30 23:01:00+00:00,0.05,63001.376,99.95,-1.1005,-1.1,7.6808,Short,Closed,SL - Static,10763.58
2024-07-01 01:11:00+00:00,0.05,63371.4,2024-07-01 11:11:00+00:00,0.05,62750.1,100.04,0.8809,0.8813,8.6298,Short,Closed,TP - Direction Change,10848.34
2024-07-01 11:11:00+00:00,0.05,62750.1,2024-07-02 14:36:00+00:00,0.05,62122.598999999995,99.95,-1.0995,-1.099,7.436,Long,Closed,SL - Static,10739.02
2024-07-02 14:42:00+00:00,0.05,61990.100000000006,2024-07-03 03:10:00+00:00,0.05,61255.2,100.17,1.0861,1.088,8.6049,Short,Closed,TP - Direction Change,10831.54
2024-07-03 03:10:00+00:00,0.05,61255.200000000004,2024-07-03 03:16:00+00:00,0.05,60642.647999999994,99.95,-1.0995,-1.099,7.4113,Long,Closed,SL - Static,10736.3
2024-07-03 10:12:00+00:00,0.05,60424.7,2024-07-03 10:33:00+00:00,0.05,59820.452999999994,99.95,-1.0995,-1.099,6.2308,Long,Closed,SL - Static,10618.31
2024-07-03 19:59:00+00:00,0.05,59792.200000000004,2024-07-04 00:18:00+00:00,0.05,60366.9,100.03,0.8607,0.8609,7.1454,Long,Closed,TP - Direction Change,10701.47
2024-07-04 00:18:00+00:00,0.05,60366.9,2024-07-04 01:43:00+00:00,0.05,59159.562,99.95,1.901,1.9,9.1811,Short,Closed,TP - Static,10913.15
2024-07-04 01:56:00+00:00,0.05,58814.0,2024-07-04 02:01:00+00:00,0.05,57637.72,99.95,1.901,1.9,11.2556,Short,Closed,TP - Static,11120.5
2024-07-04 02:05:00+00:00,0.05,58369.5,2024-07-04 08:40:00+00:00,0.05,57785.805,99.95,-1.0995,-1.099,10.0329,Long,Closed,SL - Static,10998.29
2024-07-04 16:54:00+00:00,0.05,58173.9,2024-07-04 23:34:00+00:00,0.05,57592.161,99.95,-1.0995,-1.099,8.8236,Long,Closed,SL - Static,10877.43
2024-07-04 23:41:00+00:00,0.05,57528.3,2024-07-04 23:42:00+00:00,0.05,56872.5,99.95,-1.2394,-1.2388,7.4755,Long,Closed,SL - Static,10742.68
2024-07-05 02:58:00+00:00,0.05,56140.5,2024-07-05 03:11:00+00:00,0.05,55017.69,99.95,1.901,1.9,9.5176,Short,Closed,TP - Static,10946.8
2024-07-05 04:18:00+00:00,0.05,54609.6,2024-07-05 04:19:00+00:00,0.05,54063.504,99.95,-1.0995,-1.099,8.314,Long,Closed,SL - Static,10826.5
2024-07-05 10:13:00+00:00,0.05,54933.0,2024-07-05 15:03:00+00:00,0.05,55832.2,100.16,1.5361,1.5386,9.9805,Long,Closed,TP - Direction Change,10969.83
2024-07-05 15:03:00+00:00,0.05,55832.200000000004,2024-07-05 15:05:00+00:00,0.05,56390.522,99.95,-1.1005,-1.1,8.7707,Short,Closed,SL - Static,10871.8
2024-07-05 16:25:00+00:00,0.05,56605.9,2024-07-05 18:36:00+00:00,0.05,56613.8,99.84,-0.114,-0.1138,8.6469,Short,Closed,SL - Direction Change,10871.69
2024-07-05 18:36:00+00:00,0.05,56613.8,2024-07-06 04:53:00+00:00,0.05,56047.662000000004,99.95,-1.0995,-1.099,7.4529,Long,Closed,SL - Static,10740.08
2024-07-06 16:24:00+00:00,0.05,57498.5,2024-07-06 16:48:00+00:00,0.05,58073.485,99.95,-1.1005,-1.1,6.2709,Short,Closed,SL - Static,10621.95
2024-07-06 23:20:00+00:00,0.05,58326.0,2024-07-07 04:34:00+00:00,0.05,57742.74,99.95,-1.0995,-1.099,5.103,Long,Closed,SL - Static,10505.22
2024-07-07 04:51:00+00:00,0.05,57648.8,2024-07-07 21:23:00+00:00,0.05,56495.824,99.95,1.901,1.9,7.0999,Short,Closed,TP - Static,10704.82
2024-07-07 23:46:00+00:00,0.05,56000.1,2024-07-08 00:38:00+00:00,0.05,55440.098999999995,99.95,-1.0995,-1.099,5.9229,Long,Closed,SL - Static,10587.18
2024-07-08 00:58:00+00:00,0.05,55135.6,2024-07-08 01:08:00+00:00,0.05,54584.244,99.95,-1.0995,-1.099,4.7588,Long,Closed,SL - Static,10470.83
2024-07-08 06:49:00+00:00,0.05,55811.7,2024-07-08 08:25:00+00:00,0.05,56575.2,100.26,1.2673,1.2706,6.0899,Long,Closed,TP - Direction Change,10571.08
2024-07-08 08:25:00+00:00,0.05,56575.200000000004,2024-07-08 08:40:00+00:00,0.05,57140.952,99.95,-1.1005,-1.1,4.9229,Short,Closed,SL - Static,10486.83
2024-07-08 08:49:00+00:00,0.05,57480.7,2024-07-08 09:02:00+00:00,0.05,58055.507,99.95,-1.1005,-1.1,3.7687,Short,Closed,SL - Static,10371.48
2024-07-08 10:57:00+00:00,0.05,56893.49999999999,2024-07-08 12:51:00+00:00,0.05,57462.435,99.95,-1.1005,-1.1,2.6273,Short,Closed,SL - Static,10257.4
2024-07-08 14:28:00+00:00,0.05,56328.1,2024-07-08 14:31:00+00:00,0.05,55201.538,99.95,1.901,1.9,4.5772,Short,Closed,TP - Static,10452.3
2024-07-08 22:08:00+00:00,0.05,56677.7,2024-07-09 06:27:00+00:00,0.05,57538.9,100.12,1.4187,1.4204,6.0626,Long,Closed,TP - Direction Change,10582.76
2024-07-09 06:27:00+00:00,0.05,57538.9,2024-07-09 14:15:00+00:00,0.05,58114.289000000004,99.95,-1.1005,-1.1,4.8959,Short,Closed,SL - Static,10483.91
2024-07-10 04:07:00+00:00,0.05,58366.50000000001,2024-07-10 04:08:00+00:00,0.05,58950.165,99.95,-1.1005,-1.1,3.7421,Short,Closed,SL - Static,10368.59
2024-07-10 12:35:00+00:00,0.05,57947.7,2024-07-11 11:37:00+00:00,0.05,58527.176999999996,99.95,-1.1005,-1.1,2.6009,Short,Closed,SL - Static,10254.54
2024-07-11 11:51:00+00:00,0.05,58742.100000000006,2024-07-11 12:30:00+00:00,0.05,59329.521,99.95,-1.1005,-1.1,1.4723,Short,Closed,SL - Static,10141.75
2024-07-11 14:18:00+00:00,0.05,57973.0,2024-07-11 15:42:00+00:00,0.05,57393.27,99.95,-1.0995,-1.099,0.3571,Long,Closed,SL - Static,10030.29
2024-07-12 01:15:00+00:00,0.05,57010.30000000001,2024-07-12 13:15:00+00:00,0.05,57580.403000000006,99.95,-1.1005,-1.1,-0.7468,Short,Closed,SL - Static,9919.97
2024-07-12 13:18:00+00:00,0.05,57632.0,2024-07-13 09:55:00+00:00,0.05,58784.64,99.95,1.899,1.8981,1.1371,Long,Closed,TP - Static,10108.25
2024-07-13 23:13:00+00:00,0.05,59542.7,2024-07-14 05:04:00+00:00,0.05,60138.127,99.95,-1.1005,-1.1,0.0246,Short,Closed,SL - Static,9997.07
2024-07-14 21:23:00+00:00,0.05,60607.5,2024-07-14 21:57:00+00:00,0.05,61213.575,99.95,-1.1005,-1.1,-1.0757,Short,Closed,SL - Static,9887.1
2024-07-15 02:28:00+00:00,0.05,61700.0,2024-07-15 02:29:00+00:00,0.05,62317.0,99.95,-1.1005,-1.1,-2.1638,Short,Closed,SL - Static,9778.35
2024-07-15 08:46:00+00:00,0.05,63075.0,2024-07-15 19:21:00+00:00,0.05,63705.75,99.95,-1.1005,-1.1,-3.24,Short,Closed,SL - Static,9670.79
2024-07-17 16:40:00+00:00,0.05,64146.99999999999,2024-07-18 02:01:00+00:00,0.05,64788.47,99.95,-1.1005,-1.1,-4.3044,Short,Closed,SL - Static,9564.42
2024-07-18 16:41:00+00:00,0.05,63726.00000000001,2024-07-19 06:07:00+00:00,0.05,64363.26,99.95,-1.1005,-1.1,-5.357,Short,Closed,SL - Static,9459.22
2024-07-19 13:40:00+00:00,0.05,64727.90000000001,2024-07-19 14:14:00+00:00,0.05,65375.179000000004,99.95,-1.1005,-1.1,-6.3981,Short,Closed,SL - Static,9355.17
2024-07-19 16:00:00+00:00,0.05,65791.5,2024-07-19 16:23:00+00:00,0.05,66449.415,99.95,-1.1005,-1.1,-7.4277,Short,Closed,SL - Static,9252.27
2024-07-19 19:13:00+00:00,0.05,66903.8,2024-07-20 17:16:00+00:00,0.05,67572.838,99.95,-1.1005,-1.1,-8.446,Short,Closed,SL - Static,9150.5
2024-07-20 19:14:00+00:00,0.05,67463.8,2024-07-21 18:08:00+00:00,0.05,66114.524,99.95,1.901,1.9,-6.7065,Short,Closed,TP - Static,9324.36
2024-07-21 19:30:00+00:00,0.05,67288.1,2024-07-21 20:22:00+00:00,0.05,67960.981,99.95,-1.1005,-1.1,-7.7327,Short,Closed,SL - Static,9221.8
2024-07-22 19:31:00+00:00,0.05,67585.4,2024-07-23 07:30:00+00:00,0.05,66233.692,99.95,1.901,1.9,-5.9797,Short,Closed,TP - Static,9397.02
2024-07-23 19:43:00+00:00,0.05,65624.1,2024-07-24 08:09:00+00:00,0.05,66280.341,99.95,-1.1005,-1.1,-7.0139,Short,Closed,SL - Static,9293.65
2024-07-24 13:22:00+00:00,0.05,66527.0,2024-07-24 18:44:00+00:00,0.05,65861.73,99.95,-1.0995,-1.099,-8.0358,Long,Closed,SL - Static,9191.52
2024-07-24 19:03:00+00:00,0.05,65747.4,2024-07-25 01:09:00+00:00,0.05,64432.45199999999,99.95,1.901,1.9,-6.2885,Short,Closed,TP - Static,9366.16
2024-07-25 14:07:00+00:00,0.05,63614.6,2024-07-25 14:38:00+00:00,0.05,64405.3,100.42,1.1423,1.1472,-5.2134,Long,Closed,TP - Direction Change,9429.1
2024-07-25 14:38:00+00:00,0.05,64405.299999999996,2024-07-25 16:34:00+00:00,0.05,65049.353,99.95,-1.1005,-1.1,-6.2561,Short,Closed,SL - Static,9368.9
2024-07-25 21:24:00+00:00,0.05,65609.1,2024-07-26 00:21:00+00:00,0.05,66265.191,99.95,-1.1005,-1.1,-7.2873,Short,Closed,SL - Static,9265.85
2024-07-26 02:27:00+00:00,0.05,66666.9,2024-07-26 03:06:00+00:00,0.05,67333.56899999999,99.95,-1.1005,-1.1,-8.3071,Short,Closed,SL - Static,9163.93
2024-07-26 13:55:00+00:00,0.05,67759.9,2024-07-27 12:05:00+00:00,0.05,68437.499,99.95,-1.1005,-1.1,-9.3157,Short,Closed,SL - Static,9063.13
2024-07-27 13:34:00+00:00,0.05,68826.1,2024-07-27 19:01:00+00:00,0.05,68137.839,99.95,-1.0995,-1.099,-10.3123,Long,Closed,SL - Static,8963.53
2024-07-27 20:13:00+00:00,0.05,67909.0,2024-07-27 20:21:00+00:00,0.05,67229.91,99.95,-1.0995,-1.099,-11.298,Long,Closed,SL - Static,8865.03
2024-07-27 21:16:00+00:00,0.05,68589.1,2024-07-27 23:56:00+00:00,0.05,67903.209,99.95,-1.0995,-1.099,-12.2728,Long,Closed,SL - Static,8767.61
2024-07-28 00:04:00+00:00,0.05,67635.1,2024-07-29 00:09:00+00:00,0.05,68987.80200000001,99.95,1.899,1.8981,-10.6077,Long,Closed,TP - Static,8934.02
2024-07-29 02:21:00+00:00,0.05,69138.6,2024-07-29 14:48:00+00:00,0.05,68447.214,99.95,-1.0995,-1.099,-11.5901,Long,Closed,SL - Static,8835.84
2024-07-29 14:55:00+00:00,0.05,68256.7,2024-07-29 16:25:00+00:00,0.05,67574.133,99.95,-1.0995,-1.099,-12.5617,Long,Closed,SL - Static,8738.74
2024-07-29 16:31:00+00:00,0.05,67218.0,2024-07-29 17:01:00+00:00,0.05,66545.81999999999,99.95,-1.0995,-1.099,-13.5227,Long,Closed,SL - Static,8642.7
2024-07-30 00:21:00+00:00,0.05,66119.7,2024-07-30 07:16:00+00:00,0.05,66887.6,100.07,1.0608,1.0615,-12.6047,Long,Closed,TP - Direction Change,8724.05
2024-07-30 07:16:00+00:00,0.05,66887.6,2024-07-30 15:02:00+00:00,0.05,65549.848,99.95,1.901,1.9,-10.9442,Short,Closed,TP - Static,8900.3
2024-07-31 13:41:00+00:00,0.05,66719.2,2024-07-31 19:51:00+00:00,0.05,65384.816,99.95,1.901,1.9,-9.2522,Short,Closed,TP - Static,9069.41
2024-07-31 20:39:00+00:00,0.05,64616.5,2024-08-01 02:03:00+00:00,0.05,63970.335,99.95,-1.0995,-1.099,-10.2495,Long,Closed,SL - Static,8969.74
2024-08-01 15:19:00+00:00,0.05,63507.700000000004,2024-08-01 15:28:00+00:00,0.05,62872.623,99.95,-1.0995,-1.099,-11.2358,Long,Closed,SL - Static,8871.16
2024-08-01 17:43:00+00:00,0.05,62392.2,2024-08-01 18:15:00+00:00,0.05,63288.9,100.11,1.3365,1.338,-10.0482,Long,Closed,TP - Direction Change,8975.38
2024-08-01 18:15:00+00:00,0.05,63288.899999999994,2024-08-01 20:35:00+00:00,0.05,63921.789000000004,99.95,-1.1005,-1.1,-11.0376,Short,Closed,SL - Static,8890.78
2024-08-01 20:47:00+00:00,0.05,64375.40000000001,2024-08-01 21:43:00+00:00,0.05,65019.154,99.95,-1.1005,-1.1,-12.0162,Short,Closed,SL - Static,8792.99
2024-08-01 22:24:00+00:00,0.05,65412.1,2024-08-02 02:22:00+00:00,0.05,64103.858,99.95,1.901,1.9,-10.3445,Short,Closed,TP - Static,8960.06
2024-08-02 13:45:00+00:00,0.05,65413.40000000001,2024-08-02 14:37:00+00:00,0.05,64105.132,99.95,1.901,1.9,-8.6411,Short,Closed,TP - Static,9130.31
2024-08-02 14:59:00+00:00,0.05,63243.5,2024-08-02 21:13:00+00:00,0.05,62305.5,100.37,1.3839,1.389,-7.3721,Short,Closed,TP - Direction Change,9218.19
2024-08-02 21:13:00+00:00,0.05,62305.50000000001,2024-08-02 21:27:00+00:00,0.05,61682.445,99.95,-1.0995,-1.099,-8.3901,Long,Closed,SL - Static,9154.87
2024-08-03 00:55:00+00:00,0.05,61170.00000000001,2024-08-03 01:10:00+00:00,0.05,60558.3,99.95,-1.0995,-1.099,-9.3969,Long,Closed,SL - Static,9054.27
2024-08-03 12:21:00+00:00,0.05,61974.6,2024-08-03 15:34:00+00:00,0.05,61354.854,99.95,-1.0995,-1.099,-10.3926,Long,Closed,SL - Static,8954.76
2024-08-03 15:57:00+00:00,0.05,60986.1,2024-08-04 14:39:00+00:00,0.05,59766.378,99.95,1.901,1.9,-8.6901,Short,Closed,TP - Static,9124.91
2024-08-04 16:58:00+00:00,0.05,58688.7,2024-08-04 17:22:00+00:00,0.05,58101.812999999995,99.95,-1.0995,-1.099,-9.6936,Long,Closed,SL - Static,9024.63
2024-08-04 17:43:00+00:00,0.05,57840.0,2024-08-04 18:22:00+00:00,0.05,58418.4,99.95,-1.1005,-1.1,-10.6869,Short,Closed,SL - Static,8925.36
2024-08-04 18:50:00+00:00,0.05,58607.4,2024-08-04 19:22:00+00:00,0.05,59193.474,99.95,-1.1005,-1.1,-11.6694,Short,Closed,SL - Static,8827.19
2024-08-05 00:12:00+00:00,0.05,57718.700000000004,2024-08-05 00:36:00+00:00,0.05,57141.513,99.95,-1.0995,-1.099,-12.6401,Long,Closed,SL - Static,8730.18
2024-08-05 00:54:00+00:00,0.05,56689.9,2024-08-05 00:56:00+00:00,0.05,56123.001000000004,99.95,-1.0995,-1.099,-13.6002,Long,Closed,SL - Static,8634.24
2024-08-05 01:06:00+00:00,0.05,55641.80000000001,2024-08-05 01:07:00+00:00,0.05,55085.382000000005,99.95,-1.0995,-1.099,-14.5497,Long,Closed,SL - Static,8539.36
2024-08-05 01:10:00+00:00,0.05,54754.7,2024-08-05 01:11:00+00:00,0.05,52945.9,99.95,-3.4018,-3.4001,-17.4551,Long,Closed,SL - Static,8249.01
2024-08-05 01:15:00+00:00,0.05,53921.1,2024-08-05 01:18:00+00:00,0.05,54460.311,99.95,-1.1005,-1.1,-18.3631,Short,Closed,SL - Static,8158.27
2024-08-05 05:03:00+00:00,0.05,53209.9,2024-08-05 05:10:00+00:00,0.05,52677.801,99.95,-1.0995,-1.099,-19.2603,Long,Closed,SL - Static,8068.62
2024-08-05 06:08:00+00:00,0.05,52099.5,2024-08-05 06:14:00+00:00,0.05,51578.505,99.95,-1.0995,-1.099,-20.1477,Long,Closed,SL - Static,7979.95
2024-08-05 06:22:00+00:00,0.05,50628.3,2024-08-05 06:23:00+00:00,0.05,50122.017,99.95,-1.0995,-1.099,-21.0252,Long,Closed,SL - Static,7892.25
2024-08-05 06:48:00+00:00,0.05,51248.9,2024-08-05 07:20:00+00:00,0.05,52273.878000000004,99.95,1.899,1.8981,-19.5262,Long,Closed,TP - Static,8042.05
2024-08-05 07:26:00+00:00,0.05,52400.0,2024-08-05 09:48:00+00:00,0.05,51876.0,99.95,-1.0995,-1.099,-20.4106,Long,Closed,SL - Static,7953.67
2024-08-05 10:24:00+00:00,0.05,51532.3,2024-08-05 10:28:00+00:00,0.05,51016.977,99.95,-1.0995,-1.099,-21.2853,Long,Closed,SL - Static,7866.27
2024-08-05 12:20:00+00:00,0.05,50400.0,2024-08-05 12:32:00+00:00,0.05,49896.0,99.95,-1.0995,-1.099,-22.1504,Long,Closed,SL - Static,7779.82
2024-08-05 13:36:00+00:00,0.05,51115.2,2024-08-05 13:37:00+00:00,0.05,52137.504,99.95,1.899,1.8981,-20.6727,Long,Closed,TP - Static,7927.49
2024-08-05 14:00:00+00:00,0.05,51927.7,2024-08-05 14:01:00+00:00,0.05,53528.1,99.95,2.9804,2.9789,-18.3096,Long,Closed,TP - Static,8163.64
2024-08-05 15:40:00+00:00,0.05,54730.7,2024-08-05 15:51:00+00:00,0.05,54183.393,99.95,-1.0995,-1.099,-19.2074,Long,Closed,SL - Static,8073.93
2024-08-05 18:39:00+00:00,0.05,53679.4,2024-08-05 18:59:00+00:00,0.05,53142.606,99.95,-1.0995,-1.099,-20.0953,Long,Closed,SL - Static,7985.2
2024-08-05 21:16:00+00:00,0.05,54754.5,2024-08-05 22:12:00+00:00,0.05,54206.955,99.95,-1.0995,-1.099,-20.9735,Long,Closed,SL - Static,7897.44
2024-08-06 14:10:00+00:00,0.05,55935.4,2024-08-07 02:25:00+00:00,0.05,57054.108,99.95,1.899,1.8981,-19.4735,Long,Closed,TP - Static,8047.34
2024-08-07 10:33:00+00:00,0.05,57536.6,2024-08-07 11:40:00+00:00,0.05,56961.234,99.95,-1.0995,-1.099,-20.3585,Long,Closed,SL - Static,7958.91
2024-08-07 14:26:00+00:00,0.05,56326.2,2024-08-07 14:39:00+00:00,0.05,55762.937999999995,99.95,-1.0995,-1.099,-21.2337,Long,Closed,SL - Static,7871.44
2024-08-07 18:31:00+00:00,0.05,54964.3,2024-08-08 01:43:00+00:00,0.05,56063.586,99.95,1.899,1.8981,-19.7387,Long,Closed,TP - Static,8020.85
2024-08-08 01:44:00+00:00,0.05,56019.6,2024-08-08 01:45:00+00:00,0.05,57377.8,99.95,2.3233,2.3221,-17.8749,Long,Closed,TP - Static,8207.1
2024-08-08 14:57:00+00:00,0.05,58806.7,2024-08-08 21:42:00+00:00,0.05,59982.833999999995,99.95,1.899,1.8981,-16.3161,Long,Closed,TP - Static,8362.88
2024-08-08 22:55:00+00:00,0.05,61920.09999999999,2024-08-09 00:42:00+00:00,0.05,61300.899,99.95,-1.0995,-1.099,-17.2358,Long,Closed,SL - Static,8270.97
2024-08-09 10:20:00+00:00,0.05,60652.0,2024-08-09 13:34:00+00:00,0.05,60045.479999999996,99.95,-1.0995,-1.099,-18.1454,Long,Closed,SL - Static,8180.08
2024-08-10 10:21:00+00:00,0.05,60898.0,2024-08-11 12:14:00+00:00,0.05,60289.02,99.95,-1.0995,-1.099,-19.0449,Long,Closed,SL - Static,8090.18
2024-08-11 19:26:00+00:00,0.05,59756.7,2024-08-11 20:28:00+00:00,0.05,58561.566,99.95,1.901,1.9,-17.5068,Short,Closed,TP - Static,8243.9
2024-08-12 00:33:00+00:00,0.05,58520.6,2024-08-12 07:16:00+00:00,0.05,57935.394,99.95,-1.0995,-1.099,-18.4134,Long,Closed,SL - Static,8153.3
2024-08-12 11:27:00+00:00,0.05,59447.7,2024-08-12 13:42:00+00:00,0.05,58853.223,99.95,-1.0995,-1.099,-19.31,Long,Closed,SL - Static,8063.7
2024-08-12 13:56:00+00:00,0.05,58304.0,2024-08-12 14:16:00+00:00,0.05,59470.08,99.95,1.899,1.8981,-17.7785,Long,Closed,TP - Static,8216.76
2024-08-12 14:23:00+00:00,0.05,59408.100000000006,2024-08-12 14:36:00+00:00,0.05,60002.181,99.95,-1.1005,-1.1,-18.6829,Short,Closed,SL - Static,8126.38
2024-08-13 14:24:00+00:00,0.05,59464.1,2024-08-13 16:45:00+00:00,0.05,60653.382,99.95,1.899,1.8981,-17.1394,Long,Closed,TP - Static,8280.62
2024-08-13 16:46:00+00:00,0.05,60608.4,2024-08-13 17:02:00+00:00,0.05,61214.484000000004,99.95,-1.1005,-1.1,-18.0509,Short,Closed,SL - Static,8189.54
2024-08-14 14:02:00+00:00,0.05,59438.4,2024-08-14 14:11:00+00:00,0.05,58844.016,99.95,-1.0995,-1.099,-18.9515,Long,Closed,SL - Static,8099.54
2024-08-15 02:02:00+00:00,0.05,58198.1,2024-08-15 13:35:00+00:00,0.05,59362.062,99.95,1.899,1.8981,-17.4131,Long,Closed,TP - Static,8253.27
2024-08-15 13:39:00+00:00,0.05,59285.00000000001,2024-08-15 18:00:00+00:00,0.05,58692.15,99.95,-1.0995,-1.099,-18.3207,Long,Closed,SL - Static,8162.57
2024-08-15 18:11:00+00:00,0.05,58191.0,2024-08-15 18:18:00+00:00,0.05,57609.09,99.95,-1.0995,-1.099,-19.2184,Long,Closed,SL - Static,8072.87
2024-08-15 19:35:00+00:00,0.05,56868.0,2024-08-15 20:55:00+00:00,0.05,56299.32,99.95,-1.0995,-1.099,-20.1062,Long,Closed,SL - Static,7984.15
2024-08-16 02:31:00+00:00,0.05,57898.5,2024-08-16 17:55:00+00:00,0.05,59056.47,99.95,1.899,1.8981,-18.5897,Long,Closed,TP - Static,8135.69
2024-08-16 18:36:00+00:00,0.05,59458.3,2024-08-16 23:04:00+00:00,0.05,58863.717000000004,99.95,-1.0995,-1.099,-19.4844,Long,Closed,SL - Static,8046.29
2024-08-17 18:37:00+00:00,0.05,59359.0,2024-08-18 23:44:00+00:00,0.05,58765.409999999996,99.95,-1.0995,-1.099,-20.3693,Long,Closed,SL - Static,7957.86
2024-08-18 23:53:00+00:00,0.05,58488.7,2024-08-19 10:00:00+00:00,0.05,57903.812999999995,99.95,-1.0995,-1.099,-21.2444,Long,Closed,SL - Static,7870.41
2024-08-19 23:52:00+00:00,0.05,59460.4,2024-08-20 00:32:00+00:00,0.05,60649.608,99.95,1.899,1.8981,-19.7496,Long,Closed,TP - Static,8019.79
2024-08-20 01:02:00+00:00,0.05,60590.9,2024-08-20 14:20:00+00:00,0.05,59984.991,99.95,-1.0995,-1.099,-20.6315,Long,Closed,SL - Static,7931.66
2024-08-20 14:51:00+00:00,0.05,59645.7,2024-08-20 15:00:00+00:00,0.05,59049.242999999995,99.95,-1.0995,-1.099,-21.5038,Long,Closed,SL - Static,7844.5
2024-08-21 14:52:00+00:00,0.05,59406.0,2024-08-21 18:35:00+00:00,0.05,60594.12,99.95,1.899,1.8981,-20.0138,Long,Closed,TP - Static,7993.39
2024-08-21 19:56:00+00:00,0.05,61436.0,2024-08-22 00:57:00+00:00,0.05,60821.64,99.95,-1.0995,-1.099,-20.8929,Long,Closed,SL - Static,7905.54
2024-08-22 02:48:00+00:00,0.05,60448.1,2024-08-22 02:52:00+00:00,0.05,59843.619,99.95,-1.0995,-1.099,-21.7623,Long,Closed,SL - Static,7818.67
2024-08-23 02:49:00+00:00,0.05,60651.3,2024-08-23 14:10:00+00:00,0.05,61864.326,99.95,1.899,1.8981,-20.2773,Long,Closed,TP - Static,7967.07
2024-08-23 17:48:00+00:00,0.05,62708.5,2024-08-23 21:20:00+00:00,0.05,63962.67,99.95,1.899,1.8981,-18.764,Long,Closed,TP - Static,8118.29
2024-08-24 21:20:00+00:00,0.05,64113.7,2024-08-26 09:32:00+00:00,0.05,63472.562999999995,99.95,-1.0995,-1.099,-19.6568,Long,Closed,SL - Static,8029.07
2024-08-27 09:33:00+00:00,0.05,62910.5,2024-08-27 10:24:00+00:00,0.05,62281.395,99.95,-1.0995,-1.099,-20.5398,Long,Closed,SL - Static,7940.84
2024-08-27 14:08:00+00:00,0.05,62046.5,2024-08-27 21:17:00+00:00,0.05,61426.034999999996,99.95,-1.0995,-1.099,-21.4131,Long,Closed,SL - Static,7853.57
2024-08-27 21:37:00+00:00,0.05,61106.4,2024-08-27 21:47:00+00:00,0.05,60495.336,99.95,-1.0995,-1.099,-22.2767,Long,Closed,SL - Static,7767.26
2024-08-27 21:48:00+00:00,0.05,60273.0,2024-08-27 22:07:00+00:00,0.05,59670.27,99.95,-1.0995,-1.099,-23.1309,Long,Closed,SL - Static,7681.91
2024-08-27 22:12:00+00:00,0.05,59541.5,2024-08-27 22:13:00+00:00,0.05,58946.085,99.95,-1.0995,-1.099,-23.9757,Long,Closed,SL - Static,7597.49
2024-08-27 22:15:00+00:00,0.05,58318.8,2024-08-27 22:56:00+00:00,0.05,59485.17600000001,99.95,1.899,1.8981,-22.5327,Long,Closed,TP - Static,7741.69
2024-08-28 09:56:00+00:00,0.05,59848.4,2024-08-28 14:00:00+00:00,0.05,59249.916,99.95,-1.0995,-1.099,-23.384,Long,Closed,SL - Static,7656.61
2024-08-28 14:49:00+00:00,0.05,59178.2,2024-08-28 15:19:00+00:00,0.05,58586.418,99.95,-1.0995,-1.099,-24.2261,Long,Closed,SL - Static,7572.47
2024-08-28 16:21:00+00:00,0.05,58108.4,2024-08-28 18:54:00+00:00,0.05,59270.568,99.95,1.899,1.8981,-22.7878,Long,Closed,TP - Static,7716.2
2024-08-29 11:21:00+00:00,0.05,59823.0,2024-08-29 14:41:00+00:00,0.05,60793.6,100.06,1.5216,1.5225,-21.6122,Long,Closed,TP - Direction Change,7825.21
2024-08-29 14:41:00+00:00,0.05,60793.6,2024-08-29 18:15:00+00:00,0.05,59966.6,100.42,1.261,1.2663,-20.6196,Short,Closed,TP - Direction Change,7895.51
2024-08-29 18:15:00+00:00,0.05,59966.6,2024-08-29 18:37:00+00:00,0.05,59366.934,99.95,-1.0995,-1.099,-21.492,Long,Closed,SL - Static,7845.11
2024-08-30 05:16:00+00:00,0.05,58811.1,2024-08-30 09:52:00+00:00,0.05,59592.1,100.04,1.2273,1.2278,-20.5281,Long,Closed,TP - Direction Change,7934.6
2024-08-30 09:52:00+00:00,0.05,59592.1,2024-08-30 14:56:00+00:00,0.05,58682.5,100.25,1.4271,1.4306,-19.3912,Short,Closed,TP - Direction Change,8031.22
2024-08-30 14:56:00+00:00,0.05,58682.5,2024-08-30 15:02:00+00:00,0.05,58095.675,99.95,-1.0995,-1.099,-20.277,Long,Closed,SL - Static,7966.11
2024-08-31 14:57:00+00:00,0.05,59115.0,2024-09-01 05:22:00+00:00,0.05,58233.4,100.21,1.3921,1.395,-19.1649,Short,Closed,TP - Direction Change,8056.2
2024-09-01 05:22:00+00:00,0.05,58233.4,2024-09-01 13:50:00+00:00,0.05,57651.066,99.95,-1.0995,-1.099,-20.0533,Long,Closed,SL - Static,7988.19
2024-09-01 23:17:00+00:00,0.05,57218.2,2024-09-02 08:29:00+00:00,0.05,58032.8,100.17,1.323,1.3252,-18.9938,Long,Closed,TP - Direction Change,8076.08
2024-09-02 08:29:00+00:00,0.05,58032.8,2024-09-02 11:25:00+00:00,0.05,58613.128000000004,99.95,-1.1005,-1.1,-19.8849,Short,Closed,SL - Static,8004.79
2024-09-02 20:54:00+00:00,0.05,58985.7,2024-09-03 02:09:00+00:00,0.05,59575.557,99.95,-1.1005,-1.1,-20.7662,Short,Closed,SL - Static,7916.74
2024-09-03 14:05:00+00:00,0.05,58206.1,2024-09-04 00:59:00+00:00,0.05,57230.0,100.22,1.5778,1.5813,-19.5132,Short,Closed,TP - Direction Change,8020.03
2024-09-04 00:59:00+00:00,0.05,57230.0,2024-09-04 01:01:00+00:00,0.05,56657.7,99.95,-1.0995,-1.099,-20.3978,Long,Closed,SL - Static,7953.22
2024-09-04 01:03:00+00:00,0.05,56196.1,2024-09-04 01:04:00+00:00,0.05,55634.138999999996,99.95,-1.0995,-1.099,-21.2726,Long,Closed,SL - Static,7865.81
2024-09-04 14:43:00+00:00,0.05,56734.0,2024-09-04 14:51:00+00:00,0.05,57301.340000000004,99.95,-1.1005,-1.1,-22.1386,Short,Closed,SL - Static,7779.29
2024-09-04 15:45:00+00:00,0.05,57754.7,2024-09-04 16:03:00+00:00,0.05,58332.246999999996,99.95,-1.1005,-1.1,-22.9951,Short,Closed,SL - Static,7693.73
2024-09-05 03:36:00+00:00,0.05,57067.0,2024-09-05 12:20:00+00:00,0.05,56496.33,99.95,-1.0995,-1.099,-23.8414,Long,Closed,SL - Static,7609.18
2024-09-05 15:28:00+00:00,0.05,56123.0,2024-09-06 07:24:00+00:00,0.05,55561.77,99.95,-1.0995,-1.099,-24.6784,Long,Closed,SL - Static,7525.55
2024-09-06 12:56:00+00:00,0.05,56782.8,2024-09-06 13:41:00+00:00,0.05,56120.1,100.5,1.0677,1.073,-23.8702,Short,Closed,TP - Direction Change,7564.78
2024-09-06 13:41:00+00:00,0.05,56120.1,2024-09-06 14:06:00+00:00,0.05,55558.899,99.95,-1.0995,-1.099,-24.7068,Long,Closed,SL - Static,7522.28
2024-09-06 14:26:00+00:00,0.05,55019.5,2024-09-06 14:55:00+00:00,0.05,54469.305,99.95,-1.0995,-1.099,-25.5343,Long,Closed,SL - Static,7439.61
2024-09-06 15:19:00+00:00,0.05,54132.5,2024-09-06 16:49:00+00:00,0.05,53591.175,99.95,-1.0995,-1.099,-26.3527,Long,Closed,SL - Static,7357.85
2024-09-06 20:50:00+00:00,0.05,53050.1,2024-09-06 21:00:00+00:00,0.05,52519.598999999995,99.95,-1.0995,-1.099,-27.1621,Long,Closed,SL - Static,7276.99
2024-09-06 21:59:00+00:00,0.05,53680.3,2024-09-07 05:07:00+00:00,0.05,54217.103,99.95,-1.1005,-1.1,-27.9633,Short,Closed,SL - Static,7196.95
2024-09-07 15:07:00+00:00,0.05,54648.5,2024-09-08 15:08:00+00:00,0.05,54137.2,100.01,0.8361,0.8362,-27.3609,Short,Closed,TP - Direction Change,7252.5
2024-09-08 15:08:00+00:00,0.05,54137.2,2024-09-08 22:23:00+00:00,0.05,55219.943999999996,99.95,1.899,1.8981,-25.9821,Long,Closed,TP - Static,7394.84
2024-09-09 16:20:00+00:00,0.05,55905.0,2024-09-09 19:54:00+00:00,0.05,57023.1,99.95,1.899,1.8981,-24.5772,Long,Closed,TP - Static,7535.19
2024-09-10 19:55:00+00:00,0.05,57879.4,2024-09-11 01:26:00+00:00,0.05,57300.606,99.95,-1.0995,-1.099,-25.4061,Long,Closed,SL - Static,7452.39
2024-09-11 01:33:00+00:00,0.05,56951.4,2024-09-11 04:18:00+00:00,0.05,56381.886,99.95,-1.0995,-1.099,-26.2259,Long,Closed,SL - Static,7370.49
2024-09-11 13:57:00+00:00,0.05,55891.6,2024-09-11 16:05:00+00:00,0.05,57009.432,99.95,1.899,1.8981,-24.8256,Long,Closed,TP - Static,7510.38
2024-09-11 18:20:00+00:00,0.05,57857.0,2024-09-12 02:01:00+00:00,0.05,58435.57,99.95,-1.1005,-1.1,-25.6525,Short,Closed,SL - Static,7427.77
2024-09-12 18:21:00+00:00,0.05,58283.4,2024-09-13 15:22:00+00:00,0.05,58866.234000000004,99.95,-1.1005,-1.1,-26.4703,Short,Closed,SL - Static,7346.07
2024-09-13 15:33:00+00:00,0.05,59295.4,2024-09-13 17:46:00+00:00,0.05,59888.354,99.95,-1.1005,-1.1,-27.2792,Short,Closed,SL - Static,7265.27
2024-09-13 22:03:00+00:00,0.05,60285.8,2024-09-14 22:04:00+00:00,0.05,60054.1,100.02,0.2845,0.2846,-27.0722,Short,Closed,TP - Direction Change,7280.51
2024-09-14 22:04:00+00:00,0.05,60054.1,2024-09-15 21:27:00+00:00,0.05,59453.559,99.95,-1.0995,-1.099,-27.8737,Long,Closed,SL - Static,7205.86
2024-09-15 22:05:00+00:00,0.05,59464.5,2024-09-15 23:10:00+00:00,0.05,58869.854999999996,99.95,-1.0995,-1.099,-28.6663,Long,Closed,SL - Static,7126.67
2024-09-16 01:13:00+00:00,0.05,58634.3,2024-09-16 13:45:00+00:00,0.05,58047.957,99.95,-1.0995,-1.099,-29.4503,Long,Closed,SL - Static,7048.35
2024-09-16 14:34:00+00:00,0.05,57708.6,2024-09-17 09:09:00+00:00,0.05,58862.772,99.95,1.899,1.8981,-28.1112,Long,Closed,TP - Static,7182.14
2024-09-17 14:11:00+00:00,0.05,59342.4,2024-09-17 14:15:00+00:00,0.05,59935.824,99.95,-1.1005,-1.1,-28.902,Short,Closed,SL - Static,7103.14
2024-09-17 15:02:00+00:00,0.05,60321.2,2024-09-17 19:47:00+00:00,0.05,59717.988,99.95,-1.0995,-1.099,-29.6833,Long,Closed,SL - Static,7025.08
2024-09-18 10:13:00+00:00,0.05,59678.3,2024-09-18 18:01:00+00:00,0.05,60871.866,99.95,1.899,1.8981,-28.3487,Long,Closed,TP - Static,7158.41
2024-09-18 20:11:00+00:00,0.05,59712.0,2024-09-18 23:10:00+00:00,0.05,60906.24,99.95,1.899,1.8981,-26.9886,Long,Closed,TP - Static,7294.29
2024-09-18 23:55:00+00:00,0.05,61409.0,2024-09-19 10:29:00+00:00,0.05,62637.18,99.95,1.899,1.8981,-25.6028,Long,Closed,TP - Static,7432.73
2024-09-19 16:53:00+00:00,0.05,63464.8,2024-09-19 22:00:00+00:00,0.05,62830.152,99.95,-1.0995,-1.099,-26.4204,Long,Closed,SL - Static,7351.05
2024-09-20 14:13:00+00:00,0.05,62621.8,2024-09-22 22:54:00+00:00,0.05,63874.236000000004,99.95,1.899,1.8981,-25.0238,Long,Closed,TP - Static,7490.58
2024-09-23 00:15:00+00:00,0.05,63013.8,2024-09-23 03:10:00+00:00,0.05,64274.076,99.95,1.899,1.8981,-23.6007,Long,Closed,TP - Static,7632.75
2024-09-24 00:53:00+00:00,0.05,63016.0,2024-09-24 19:54:00+00:00,0.05,64276.32,99.95,1.899,1.8981,-22.1506,Long,Closed,TP - Static,7777.63
2024-09-25 17:53:00+00:00,0.05,63081.9,2024-09-26 10:32:00+00:00,0.05,64343.538,99.95,1.899,1.8981,-20.6729,Long,Closed,TP - Static,7925.25
2024-09-26 14:20:00+00:00,0.05,64935.2,2024-09-27 14:23:00+00:00,0.05,66233.904,99.95,1.899,1.8981,-19.1672,Long,Closed,TP - Static,8075.68
2024-09-28 09:21:00+00:00,0.05,65530.1,2024-09-30 01:47:00+00:00,0.05,64874.799,99.95,-1.0995,-1.099,-20.0556,Long,Closed,SL - Static,7986.93
2024-09-30 01:51:00+00:00,0.05,64790.8,2024-09-30 08:39:00+00:00,0.05,64142.892,99.95,-1.0995,-1.099,-20.9341,Long,Closed,SL - Static,7899.16
2024-09-30 09:16:00+00:00,0.05,64027.5,2024-09-30 10:08:00+00:00,0.05,63387.225,99.95,-1.0995,-1.099,-21.8031,Long,Closed,SL - Static,7812.35
2024-09-30 23:42:00+00:00,0.05,62919.0,2024-10-01 03:44:00+00:00,0.05,63698.0,100.03,1.1375,1.1379,-20.9133,Long,Closed,TP - Direction Change,7894.63
2024-10-01 03:44:00+00:00,0.05,63698.0,2024-10-01 13:37:00+00:00,0.05,63010.5,100.26,0.9799,0.9824,-20.1363,Short,Closed,TP - Direction Change,7954.25
2024-10-01 13:37:00+00:00,0.05,63010.5,2024-10-01 15:03:00+00:00,0.05,62380.395,99.95,-1.0995,-1.099,-21.014,Long,Closed,SL - Static,7890.87
2024-10-01 15:09:00+00:00,0.05,62028.8,2024-10-01 15:43:00+00:00,0.05,62703.9,100.14,0.9878,0.9892,-20.2327,Long,Closed,TP - Direction Change,7954.13
2024-10-01 15:43:00+00:00,0.05,62703.9,2024-10-01 17:15:00+00:00,0.05,61962.4,100.07,1.0831,1.0839,-19.3681,Short,Closed,TP - Direction Change,8045.4
2024-10-01 17:15:00+00:00,0.05,61962.4,2024-10-01 17:20:00+00:00,0.05,61342.776,99.95,-1.0995,-1.099,-20.2542,Long,Closed,SL - Static,7966.53
2024-10-01 20:19:00+00:00,0.05,61136.6,2024-10-01 20:33:00+00:00,0.05,60525.234,99.95,-1.0995,-1.099,-21.1307,Long,Closed,SL - Static,7878.98
2024-10-02 03:16:00+00:00,0.05,61799.9,2024-10-02 09:48:00+00:00,0.05,61181.901,99.95,-1.0995,-1.099,-21.9974,Long,Closed,SL - Static,7792.39
2024-10-02 11:09:00+00:00,0.05,60987.0,2024-10-02 16:05:00+00:00,0.05,62206.74,99.95,1.899,1.8981,-20.5169,Long,Closed,TP - Static,7940.3
2024-10-02 18:17:00+00:00,0.05,60871.9,2024-10-02 19:27:00+00:00,0.05,60263.181000000004,99.95,-1.0995,-1.099,-21.3904,Long,Closed,SL - Static,7853.04
2024-10-02 19:45:00+00:00,0.05,60065.2,2024-10-02 20:39:00+00:00,0.05,60665.852,99.95,-1.1005,-1.1,-22.2551,Short,Closed,SL - Static,7766.66
2024-10-02 20:48:00+00:00,0.05,60739.4,2024-10-03 03:27:00+00:00,0.05,61346.794,99.95,-1.1005,-1.1,-23.1103,Short,Closed,SL - Static,7681.23
2024-10-03 13:17:00+00:00,0.05,59999.9,2024-10-03 14:11:00+00:00,0.05,60710.2,100.23,1.0832,1.0858,-22.2754,Long,Closed,TP - Direction Change,7742.67
2024-10-03 14:11:00+00:00,0.05,60710.2,2024-10-04 06:24:00+00:00,0.05,61317.301999999996,99.95,-1.1005,-1.1,-23.1304,Short,Closed,SL - Static,7678.99
2024-10-04 12:54:00+00:00,0.05,61675.9,2024-10-04 17:08:00+00:00,0.05,62292.659,99.95,-1.1005,-1.1,-23.9759,Short,Closed,SL - Static,7594.52
2024-10-05 15:09:00+00:00,0.05,62135.1,2024-10-06 16:01:00+00:00,0.05,62756.451,99.95,-1.1005,-1.1,-24.8122,Short,Closed,SL - Static,7510.99
2024-10-07 00:48:00+00:00,0.05,63434.5,2024-10-07 14:19:00+00:00,0.05,64068.845,99.95,-1.1005,-1.1,-25.6393,Short,Closed,SL - Static,7428.37
2024-10-07 14:23:00+00:00,0.05,64268.9,2024-10-07 18:47:00+00:00,0.05,62983.522,99.95,1.901,1.9,-24.2264,Short,Closed,TP - Static,7569.51
2024-10-07 22:56:00+00:00,0.05,62712.1,2024-10-09 18:11:00+00:00,0.05,61457.858,99.95,1.901,1.9,-22.7867,Short,Closed,TP - Static,7713.34
2024-10-09 18:17:00+00:00,0.05,61358.2,2024-10-10 17:06:00+00:00,0.05,60131.03599999999,99.95,1.901,1.9,-21.3197,Short,Closed,TP - Static,7859.89
2024-10-10 17:56:00+00:00,0.05,59657.5,2024-10-10 23:18:00+00:00,0.05,60254.075,99.95,-1.1005,-1.1,-22.1852,Short,Closed,SL - Static,7773.44
2024-10-11 01:52:00+00:00,0.05,60307.0,2024-10-11 09:15:00+00:00,0.05,60910.07,99.95,-1.1005,-1.1,-23.0411,Short,Closed,SL - Static,7687.93
2024-10-11 10:05:00+00:00,0.05,61156.7,2024-10-11 13:55:00+00:00,0.05,61768.267,99.95,-1.1005,-1.1,-23.8877,Short,Closed,SL - Static,7603.37
2024-10-11 15:10:00+00:00,0.05,61948.0,2024-10-11 17:33:00+00:00,0.05,62567.48,99.95,-1.1005,-1.1,-24.7249,Short,Closed,SL - Static,7519.74
2024-10-11 17:55:00+00:00,0.05,62808.30000000001,2024-10-12 15:13:00+00:00,0.05,63436.383,99.95,-1.1005,-1.1,-25.5529,Short,Closed,SL - Static,7437.02
2024-10-12 17:56:00+00:00,0.05,63047.7,2024-10-14 03:37:00+00:00,0.05,63678.176999999996,99.95,-1.1005,-1.1,-26.3718,Short,Closed,SL - Static,7355.22
2024-10-14 03:41:00+00:00,0.05,63813.9,2024-10-14 04:01:00+00:00,0.05,64452.039000000004,99.95,-1.1005,-1.1,-27.1818,Short,Closed,SL - Static,7274.32
2024-10-14 08:01:00+00:00,0.05,64642.5,2024-10-14 13:46:00+00:00,0.05,65288.925,99.95,-1.1005,-1.1,-27.9828,Short,Closed,SL - Static,7194.3
2024-10-14 14:23:00+00:00,0.05,65660.4,2024-10-14 22:58:00+00:00,0.05,66317.004,99.95,-1.1005,-1.1,-28.7749,Short,Closed,SL - Static,7115.17
2024-10-15 13:45:00+00:00,0.05,66414.2,2024-10-15 13:52:00+00:00,0.05,67078.342,99.95,-1.1005,-1.1,-29.5584,Short,Closed,SL - Static,7036.91
2024-10-15 13:57:00+00:00,0.05,67350.2,2024-10-15 14:34:00+00:00,0.05,66676.69799999999,99.95,-1.0995,-1.099,-30.3326,Long,Closed,SL - Static,6959.57
2024-10-15 14:41:00+00:00,0.05,65746.6,2024-10-15 15:06:00+00:00,0.05,65089.134000000005,99.95,-1.0995,-1.099,-31.0982,Long,Closed,SL - Static,6883.09
2024-10-15 16:09:00+00:00,0.05,66320.5,2024-10-15 18:18:00+00:00,0.05,67214.4,100.22,1.2472,1.2499,-30.237,Long,Closed,TP - Direction Change,6950.22
2024-10-15 18:18:00+00:00,0.05,67214.4,2024-10-15 20:57:00+00:00,0.05,66599.9,100.28,0.8147,0.8169,-29.6671,Short,Closed,TP - Direction Change,7002.99
2024-10-15 20:57:00+00:00,0.05,66599.9,2024-10-16 01:23:00+00:00,0.05,67201.1,100.17,0.8023,0.8036,-29.1019,Long,Closed,TP - Direction Change,7066.62
2024-10-16 01:23:00+00:00,0.05,67201.1,2024-10-16 11:21:00+00:00,0.05,67873.111,99.95,-1.1005,-1.1,-29.8818,Short,Closed,SL - Static,7004.08
2024-10-16 11:31:00+00:00,0.05,68175.7,2024-10-16 13:38:00+00:00,0.05,67493.943,99.95,-1.0995,-1.099,-30.6524,Long,Closed,SL - Static,6927.11
2024-10-16 13:39:00+00:00,0.05,67497.4,2024-10-16 14:17:00+00:00,0.05,68172.374,99.95,-1.1005,-1.1,-31.4152,Short,Closed,SL - Static,6850.91
2024-10-17 04:42:00+00:00,0.05,67342.1,2024-10-17 13:36:00+00:00,0.05,66668.679,99.95,-1.0995,-1.099,-32.169,Long,Closed,SL - Static,6775.62
2024-10-18 01:57:00+00:00,0.05,68136.0,2024-10-20 01:59:00+00:00,0.05,68132.1,100.0,-0.1057,-0.1057,-32.2407,Long,Closed,SL - Direction Change,6765.38
2024-10-20 01:59:00+00:00,0.05,68132.1,2024-10-20 20:49:00+00:00,0.05,68813.421,99.95,-1.1005,-1.1,-32.986,Short,Closed,SL - Static,6694.01
2024-10-20 22:02:00+00:00,0.05,68875.6,2024-10-21 09:33:00+00:00,0.05,68186.84400000001,99.95,-1.0995,-1.099,-33.7225,Long,Closed,SL - Static,6620.45
2024-10-21 12:40:00+00:00,0.05,68205.2,2024-10-21 13:41:00+00:00,0.05,67523.148,99.95,-1.0995,-1.099,-34.4509,Long,Closed,SL - Static,6547.69
2024-10-21 13:54:00+00:00,0.05,67321.6,2024-10-22 00:31:00+00:00,0.05,66648.384,99.95,-1.0995,-1.099,-35.1713,Long,Closed,SL - Static,6475.74
2024-10-22 13:55:00+00:00,0.05,67000.1,2024-10-22 14:55:00+00:00,0.05,67592.0,100.09,0.783,0.7837,-34.6632,Long,Closed,TP - Direction Change,6517.09
2024-10-22 14:55:00+00:00,0.05,67592.0,2024-10-23 07:12:00+00:00,0.05,66933.0,100.13,0.8755,0.8766,-34.0905,Short,Closed,TP - Direction Change,6572.07
2024-10-23 07:12:00+00:00,0.05,66933.0,2024-10-23 09:12:00+00:00,0.05,66263.67,99.95,-1.0995,-1.099,-34.8148,Long,Closed,SL - Static,6511.17
2024-10-23 15:34:00+00:00,0.05,66134.0,2024-10-23 18:04:00+00:00,0.05,65472.659999999996,99.95,-1.0995,-1.099,-35.5312,Long,Closed,SL - Static,6439.62
2024-10-23 18:19:00+00:00,0.05,65309.4,2024-10-23 18:55:00+00:00,0.05,65906.1,100.2,0.8132,0.8148,-35.0059,Long,Closed,TP - Direction Change,6475.97
2024-10-23 18:55:00+00:00,0.05,65906.1,2024-10-23 19:50:00+00:00,0.05,66565.16100000001,99.95,-1.1005,-1.1,-35.7209,Short,Closed,SL - Static,6420.55
2024-10-24 00:46:00+00:00,0.05,66795.0,2024-10-24 13:25:00+00:00,0.05,67647.4,100.12,1.1755,1.1769,-34.9644,Long,Closed,TP - Direction Change,6485.3
2024-10-24 13:25:00+00:00,0.05,67647.4,2024-10-24 21:07:00+00:00,0.05,68323.874,99.95,-1.1005,-1.1,-35.6797,Short,Closed,SL - Static,6424.54
2024-10-24 21:16:00+00:00,0.05,68494.2,2024-10-25 14:19:00+00:00,0.05,68429.8,99.86,-0.0059,-0.0059,-35.6835,Short,Closed,SL - Direction Change,6429.75
2024-10-25 14:19:00+00:00,0.05,68429.8,2024-10-25 15:51:00+00:00,0.05,67745.50200000001,99.95,-1.0995,-1.099,-36.3904,Long,Closed,SL - Static,6353.56
2024-10-25 17:57:00+00:00,0.05,66918.7,2024-10-25 18:08:00+00:00,0.05,66249.51299999999,99.95,-1.0995,-1.099,-37.0894,Long,Closed,SL - Static,6283.73
2024-10-25 23:13:00+00:00,0.05,66045.2,2024-10-25 23:55:00+00:00,0.05,66600.7,100.18,0.7407,0.742,-36.6226,Long,Closed,TP - Direction Change,6315.84
2024-10-25 23:55:00+00:00,0.05,66600.7,2024-10-26 20:20:00+00:00,0.05,67266.707,99.95,-1.1005,-1.1,-37.3198,Short,Closed,SL - Static,6260.62
2024-10-26 23:56:00+00:00,0.05,67096.5,2024-10-27 17:32:00+00:00,0.05,67788.3,100.15,0.9305,0.932,-36.7356,Long,Closed,TP - Direction Change,6306.1
2024-10-27 17:32:00+00:00,0.05,67788.3,2024-10-28 07:16:00+00:00,0.05,68466.183,99.95,-1.1005,-1.1,-37.4315,Short,Closed,SL - Static,6249.35
2024-10-28 10:29:00+00:00,0.05,68684.6,2024-10-28 19:04:00+00:00,0.05,69371.44600000001,99.95,-1.1005,-1.1,-38.1198,Short,Closed,SL - Static,6180.61
2024-10-28 19:14:00+00:00,0.05,69466.5,2024-10-28 22:07:00+00:00,0.05,70161.165,99.95,-1.1005,-1.1,-38.8005,Short,Closed,SL - Static,6112.62
2024-10-29 02:06:00+00:00,0.05,70400.0,2024-10-29 02:15:00+00:00,0.05,71104.0,99.95,-1.1005,-1.1,-39.4737,Short,Closed,SL - Static,6045.39
2024-10-31 12:55:00+00:00,0.05,72084.2,2024-10-31 14:47:00+00:00,0.05,70642.51599999999,99.95,1.901,1.9,-38.3237,Short,Closed,TP - Static,6160.25
2024-10-31 18:33:00+00:00,0.05,70369.1,2024-11-01 02:10:00+00:00,0.05,68961.71800000001,99.95,1.901,1.9,-37.1518,Short,Closed,TP - Static,6277.3
2024-11-01 10:33:00+00:00,0.05,70147.5,2024-11-01 13:39:00+00:00,0.05,70848.975,99.95,-1.1005,-1.1,-37.8431,Short,Closed,SL - Static,6208.25
2024-11-01 13:52:00+00:00,0.05,70914.1,2024-11-01 14:30:00+00:00,0.05,71623.24100000001,99.95,-1.1005,-1.1,-38.5269,Short,Closed,SL - Static,6139.97
2024-11-01 15:38:00+00:00,0.05,70252.3,2024-11-01 19:14:00+00:00,0.05,68847.254,99.95,1.901,1.9,-37.3589,Short,Closed,TP - Static,6256.63
2024-11-02 18:43:00+00:00,0.05,69444.9,2024-11-03 02:38:00+00:00,0.05,68056.002,99.95,1.901,1.9,-36.1687,Short,Closed,TP - Static,6375.51
2024-11-03 02:42:00+00:00,0.05,68006.0,2024-11-03 04:39:00+00:00,0.05,68686.06,99.95,-1.1005,-1.1,-36.8708,Short,Closed,SL - Static,6305.38
2024-11-03 14:26:00+00:00,0.05,67912.7,2024-11-03 19:37:00+00:00,0.05,68591.827,99.95,-1.1005,-1.1,-37.5653,Short,Closed,SL - Static,6236.02
2024-11-03 19:39:00+00:00,0.05,68584.5,2024-11-03 21:25:00+00:00,0.05,69270.345,99.95,-1.1005,-1.1,-38.252,Short,Closed,SL - Static,6167.43
2024-11-04 03:01:00+00:00,0.05,69390.0,2024-11-04 16:42:00+00:00,0.05,68002.2,99.95,1.901,1.9,-37.0788,Short,Closed,TP - Static,6284.62
2024-11-04 16:45:00+00:00,0.05,67934.5,2024-11-05 05:50:00+00:00,0.05,68613.845,99.95,-1.1005,-1.1,-37.771,Short,Closed,SL - Static,6215.49
2024-11-05 14:27:00+00:00,0.05,69358.5,2024-11-05 14:48:00+00:00,0.05,70052.085,99.95,-1.1005,-1.1,-38.4555,Short,Closed,SL - Static,6147.12
2024-11-05 14:50:00+00:00,0.05,70136.8,2024-11-05 19:57:00+00:00,0.05,68734.064,99.95,1.901,1.9,-37.2861,Short,Closed,TP - Static,6263.92
2024-11-06 00:27:00+00:00,0.05,70206.8,2024-11-06 00:35:00+00:00,0.05,70908.868,99.95,-1.1005,-1.1,-37.976,Short,Closed,SL - Static,6195.02
2024-11-06 00:44:00+00:00,0.05,70969.4,2024-11-06 02:16:00+00:00,0.05,71679.094,99.95,-1.1005,-1.1,-38.6583,Short,Closed,SL - Static,6126.88
2024-11-06 02:25:00+00:00,0.05,71937.1,2024-11-06 02:30:00+00:00,0.05,72656.471,99.95,-1.1005,-1.1,-39.333,Short,Closed,SL - Static,6059.48
2024-11-06 02:54:00+00:00,0.05,72990.7,2024-11-06 03:04:00+00:00,0.05,73720.607,99.95,-1.1005,-1.1,-40.0003,Short,Closed,SL - Static,5992.83
2024-11-06 03:06:00+00:00,0.05,73788.5,2024-11-06 03:07:00+00:00,0.05,74526.385,99.95,-1.1005,-1.1,-40.6603,Short,Closed,SL - Static,5926.92
2024-11-06 06:23:00+00:00,0.05,75220.0,2024-11-06 07:42:00+00:00,0.05,73715.6,99.95,1.901,1.9,-39.5329,Short,Closed,TP - Static,6039.53
2024-11-06 08:03:00+00:00,0.05,73312.7,2024-11-06 09:38:00+00:00,0.05,74045.827,99.95,-1.1005,-1.1,-40.198,Short,Closed,SL - Static,5973.1
2024-11-06 18:27:00+00:00,0.05,74929.6,2024-11-06 19:52:00+00:00,0.05,75678.89600000001,99.95,-1.1005,-1.1,-40.8559,Short,Closed,SL - Static,5907.4
2024-11-06 20:11:00+00:00,0.05,75870.4,2024-11-07 18:33:00+00:00,0.05,76629.10399999999,99.95,-1.1005,-1.1,-41.5064,Short,Closed,SL - Static,5842.42
2024-11-08 16:00:00+00:00,0.05,76423.3,2024-11-10 02:19:00+00:00,0.05,77187.53300000001,99.95,-1.1005,-1.1,-42.1499,Short,Closed,SL - Static,5778.15
2024-11-10 02:24:00+00:00,0.05,77161.5,2024-11-10 04:34:00+00:00,0.05,77933.115,99.95,-1.1005,-1.1,-42.7862,Short,Closed,SL - Static,5714.6
2024-11-10 04:50:00+00:00,0.05,78066.4,2024-11-10 04:53:00+00:00,0.05,78847.064,99.95,-1.1005,-1.1,-43.4156,Short,Closed,SL - Static,5651.74
2024-11-10 17:50:00+00:00,0.05,80388.0,2024-11-10 18:27:00+00:00,0.05,81191.88,99.95,-1.1005,-1.1,-44.038,Short,Closed,SL - Static,5589.57
2024-11-10 19:47:00+00:00,0.05,79710.7,2024-11-10 22:16:00+00:00,0.05,80507.807,99.95,-1.1005,-1.1,-44.6536,Short,Closed,SL - Static,5528.09
2024-11-10 22:22:00+00:00,0.05,81094.2,2024-11-11 03:50:00+00:00,0.05,81905.14199999999,99.95,-1.1005,-1.1,-45.2624,Short,Closed,SL - Static,5467.28
2024-11-11 14:41:00+00:00,0.05,82453.6,2024-11-11 15:18:00+00:00,0.05,83278.13600000001,99.95,-1.1005,-1.1,-45.8645,Short,Closed,SL - Static,5407.15
2024-11-11 15:28:00+00:00,0.05,83442.8,2024-11-11 15:37:00+00:00,0.05,84277.228,99.95,-1.1005,-1.1,-46.46,Short,Closed,SL - Static,5347.67
2024-11-11 16:05:00+00:00,0.05,84482.1,2024-11-11 18:40:00+00:00,0.05,85326.921,99.95,-1.1005,-1.1,-47.0489,Short,Closed,SL - Static,5288.85
2024-11-11 18:54:00+00:00,0.05,85632.0,2024-11-11 19:07:00+00:00,0.05,86488.32,99.95,-1.1005,-1.1,-47.6314,Short,Closed,SL - Static,5230.68
2024-11-11 20:10:00+00:00,0.05,86810.4,2024-11-11 21:17:00+00:00,0.05,87678.504,99.95,-1.1005,-1.1,-48.2075,Short,Closed,SL - Static,5173.14
2024-11-12 00:12:00+00:00,0.05,88156.8,2024-11-12 00:59:00+00:00,0.05,89038.368,99.95,-1.1005,-1.1,-48.7772,Short,Closed,SL - Static,5116.24
2024-11-12 01:03:00+00:00,0.05,88813.1,2024-11-12 06:45:00+00:00,0.05,89701.231,99.95,-1.1005,-1.1,-49.3406,Short,Closed,SL - Static,5059.96
2024-11-12 09:47:00+00:00,0.05,88099.2,2024-11-12 10:47:00+00:00,0.05,86337.216,99.95,1.901,1.9,-48.3781,Short,Closed,TP - Static,5156.1
2024-11-12 11:24:00+00:00,0.05,87657.0,2024-11-12 13:03:00+00:00,0.05,85903.86,99.95,1.901,1.9,-47.3973,Short,Closed,TP - Static,5254.07
2024-11-12 17:18:00+00:00,0.05,87519.9,2024-11-12 18:29:00+00:00,0.05,88395.099,99.95,-1.1005,-1.1,-47.9759,Short,Closed,SL - Static,5196.28
2024-11-12 19:07:00+00:00,0.05,88916.5,2024-11-12 19:35:00+00:00,0.05,89805.665,99.95,-1.1005,-1.1,-48.5482,Short,Closed,SL - Static,5139.12
2024-11-12 23:21:00+00:00,0.05,87757.8,2024-11-13 13:30:00+00:00,0.05,88635.378,99.95,-1.1005,-1.1,-49.1141,Short,Closed,SL - Static,5082.6
2024-11-13 13:40:00+00:00,0.05,88685.40000000001,2024-11-13 13:47:00+00:00,0.05,89572.254,99.95,-1.1005,-1.1,-49.6739,Short,Closed,SL - Static,5026.69
2024-11-13 14:31:00+00:00,0.05,89841.7,2024-11-13 14:33:00+00:00,0.05,90740.117,99.95,-1.1005,-1.1,-50.2275,Short,Closed,SL - Static,4971.4
2024-11-13 15:44:00+00:00,0.05,91881.0,2024-11-13 15:58:00+00:00,0.05,92799.81,99.95,-1.1005,-1.1,-50.775,Short,Closed,SL - Static,4916.72
2024-11-13 19:19:00+00:00,0.05,90710.7,2024-11-13 21:04:00+00:00,0.05,88896.48599999999,99.95,1.901,1.9,-49.8397,Short,Closed,TP - Static,5010.14
2024-11-13 21:05:00+00:00,0.05,88991.8,2024-11-13 22:34:00+00:00,0.05,89881.71800000001,99.95,-1.1005,-1.1,-50.3915,Short,Closed,SL - Static,4955.03
2024-11-13 23:24:00+00:00,0.05,90130.5,2024-11-14 08:03:00+00:00,0.05,91031.80500000001,99.95,-1.1005,-1.1,-50.9372,Short,Closed,SL - Static,4900.52
2024-11-14 11:50:00+00:00,0.05,91364.1,2024-11-14 14:43:00+00:00,0.05,89536.818,99.95,1.901,1.9,-50.005,Short,Closed,TP - Static,4993.64
2024-11-14 15:48:00+00:00,0.05,88604.1,2024-11-14 18:05:00+00:00,0.05,89490.141,99.95,-1.1005,-1.1,-50.5549,Short,Closed,SL - Static,4938.71
2024-11-14 23:12:00+00:00,0.05,87101.4,2024-11-15 00:08:00+00:00,0.05,87972.41399999999,99.95,-1.1005,-1.1,-51.0988,Short,Closed,SL - Static,4884.39
2024-11-15 02:44:00+00:00,0.05,88414.7,2024-11-15 09:25:00+00:00,0.05,89298.847,99.95,-1.1005,-1.1,-51.6367,Short,Closed,SL - Static,4830.66
2024-11-15 12:03:00+00:00,0.05,89866.2,2024-11-15 12:14:00+00:00,0.05,90764.862,99.95,-1.1005,-1.1,-52.1687,Short,Closed,SL - Static,4777.53
2024-11-15 15:09:00+00:00,0.05,88495.3,2024-11-15 16:23:00+00:00,0.05,89380.253,99.95,-1.1005,-1.1,-52.6949,Short,Closed,SL - Static,4724.97
2024-11-15 17:43:00+00:00,0.05,89826.7,2024-11-15 19:46:00+00:00,0.05,90724.967,99.95,-1.1005,-1.1,-53.2152,Short,Closed,SL - Static,4673.0
2024-11-15 20:54:00+00:00,0.05,91330.0,2024-11-17 02:08:00+00:00,0.05,89503.4,99.95,1.901,1.9,-52.3263,Short,Closed,TP - Static,4761.79
2024-11-17 02:15:00+00:00,0.05,89530.5,2024-11-17 04:10:00+00:00,0.05,90425.80500000001,99.95,-1.1005,-1.1,-52.8507,Short,Closed,SL - Static,4709.41
2024-11-17 05:05:00+00:00,0.05,90757.4,2024-11-17 22:03:00+00:00,0.05,88942.252,99.95,1.901,1.9,-51.9549,Short,Closed,TP - Static,4798.9
2024-11-18 01:31:00+00:00,0.05,90731.3,2024-11-18 06:55:00+00:00,0.05,91638.613,99.95,-1.1005,-1.1,-52.4834,Short,Closed,SL - Static,4746.11
2024-11-18 07:00:00+00:00,0.05,92212.5,2024-11-18 11:45:00+00:00,0.05,90368.25,99.95,1.901,1.9,-51.5806,Short,Closed,TP - Static,4836.29
2024-11-18 13:58:00+00:00,0.05,89592.8,2024-11-18 14:30:00+00:00,0.05,90488.728,99.95,-1.1005,-1.1,-52.1132,Short,Closed,SL - Static,4783.09
2024-11-18 14:35:00+00:00,0.05,90811.0,2024-11-18 15:39:00+00:00,0.05,91719.11,99.95,-1.1005,-1.1,-52.6399,Short,Closed,SL - Static,4730.48
2024-11-18 15:51:00+00:00,0.05,92364.0,2024-11-18 18:44:00+00:00,0.05,90516.72,99.95,1.901,1.9,-51.7401,Short,Closed,TP - Static,4820.36
2024-11-19 12:28:00+00:00,0.05,92443.5,2024-11-19 18:16:00+00:00,0.05,93367.935,99.95,-1.1005,-1.1,-52.2709,Short,Closed,SL - Static,4767.34
2024-11-20 12:29:00+00:00,0.05,93738.7,2024-11-20 14:31:00+00:00,0.05,94676.087,99.95,-1.1005,-1.1,-52.796,Short,Closed,SL - Static,4714.9
2024-11-21 03:25:00+00:00,0.05,94967.9,2024-11-21 03:37:00+00:00,0.05,95917.579,99.95,-1.1005,-1.1,-53.3152,Short,Closed,SL - Static,4663.04
2024-11-21 04:13:00+00:00,0.05,96804.29999999999,2024-11-21 04:57:00+00:00,0.05,97772.34300000001,99.95,-1.1005,-1.1,-53.8287,Short,Closed,SL - Static,4611.75
2024-11-21 11:09:00+00:00,0.05,98205.0,2024-11-21 15:29:00+00:00,0.05,96240.9,99.95,1.901,1.9,-52.9515,Short,Closed,TP - Static,4699.37
2024-11-21 18:22:00+00:00,0.05,98144.3,2024-11-22 03:16:00+00:00,0.05,99125.743,99.95,-1.1005,-1.1,-53.469,Short,Closed,SL - Static,4647.68
2024-11-22 18:23:00+00:00,0.05,98964.4,2024-11-24 12:32:00+00:00,0.05,96985.112,99.95,1.901,1.9,-52.5849,Short,Closed,TP - Static,4735.99
2024-11-24 15:45:00+00:00,0.05,96409.49999999999,2024-11-24 22:09:00+00:00,0.05,97373.595,99.95,-1.1005,-1.1,-53.1065,Short,Closed,SL - Static,4683.9
2024-11-24 22:20:00+00:00,0.05,97666.3,2024-11-25 09:08:00+00:00,0.05,98642.963,99.95,-1.1005,-1.1,-53.6223,Short,Closed,SL - Static,4632.38
2024-11-25 14:47:00+00:00,0.05,96443.2,2024-11-25 19:23:00+00:00,0.05,94514.336,99.95,1.901,1.9,-52.7411,Short,Closed,TP - Static,4720.4
2024-11-25 22:25:00+00:00,0.05,93348.0,2024-11-25 22:55:00+00:00,0.05,94281.48,99.95,-1.1005,-1.1,-53.261,Short,Closed,SL - Static,4668.47
2024-11-26 01:33:00+00:00,0.05,94597.3,2024-11-26 08:21:00+00:00,0.05,92705.354,99.95,1.901,1.9,-52.373,Short,Closed,TP - Static,4757.18
2024-11-26 11:28:00+00:00,0.05,91888.9,2024-11-26 13:17:00+00:00,0.05,92807.78899999999,99.95,-1.1005,-1.1,-52.8968,Short,Closed,SL - Static,4704.85
2024-11-26 14:45:00+00:00,0.05,92972.2,2024-11-26 16:23:00+00:00,0.05,93901.92199999999,99.95,-1.1005,-1.1,-53.415,Short,Closed,SL - Static,4653.1
2024-11-26 19:31:00+00:00,0.05,91934.4,2024-11-27 01:56:00+00:00,0.05,92853.74399999999,99.95,-1.1005,-1.1,-53.9274,Short,Closed,SL - Static,4601.92
2024-11-27 06:17:00+00:00,0.05,93249.0,2024-11-27 13:57:00+00:00,0.05,94181.49,99.95,-1.1005,-1.1,-54.4342,Short,Closed,SL - Static,4551.3
2024-11-27 14:37:00+00:00,0.05,94545.5,2024-11-27 15:37:00+00:00,0.05,95490.955,99.95,-1.1005,-1.1,-54.9354,Short,Closed,SL - Static,4501.24
2024-11-27 16:36:00+00:00,0.05,96256.4,2024-11-27 20:18:00+00:00,0.05,97218.96399999999,99.95,-1.1005,-1.1,-55.4312,Short,Closed,SL - Static,4451.73
2024-11-28 10:04:00+00:00,0.05,94856.60000000002,2024-11-28 11:49:00+00:00,0.05,95805.16600000001,99.95,-1.1005,-1.1,-55.9214,Short,Closed,SL - Static,4402.76
2024-11-29 02:04:00+00:00,0.05,96230.0,2024-11-29 11:35:00+00:00,0.05,97192.3,99.95,-1.1005,-1.1,-56.4063,Short,Closed,SL - Static,4354.33
2024-11-29 14:50:00+00:00,0.05,97656.8,2024-11-29 15:14:00+00:00,0.05,98633.368,99.95,-1.1005,-1.1,-56.8858,Short,Closed,SL - Static,4306.44
2024-11-30 10:47:00+00:00,0.05,96265.09999999999,2024-12-01 08:26:00+00:00,0.05,97227.751,99.95,-1.1005,-1.1,-57.3601,Short,Closed,SL - Static,4259.07
2024-12-01 10:48:00+00:00,0.05,96871.7,2024-12-01 21:58:00+00:00,0.05,97840.417,99.95,-1.1005,-1.1,-57.8291,Short,Closed,SL - Static,4212.22
2024-12-02 08:19:00+00:00,0.05,95609.00000000001,2024-12-02 14:43:00+00:00,0.05,96565.09,99.95,-1.1005,-1.1,-58.293,Short,Closed,SL - Static,4165.89
2024-12-02 15:22:00+00:00,0.05,96827.1,2024-12-02 17:58:00+00:00,0.05,94890.558,99.95,1.901,1.9,-57.5005,Short,Closed,TP - Static,4245.04
2024-12-03 13:55:00+00:00,0.05,94064.2,2024-12-03 14:49:00+00:00,0.05,95004.842,99.95,-1.1005,-1.1,-57.968,Short,Closed,SL - Static,4198.35
2024-12-03 14:58:00+00:00,0.05,95290.00000000001,2024-12-03 15:24:00+00:00,0.05,96242.9,99.95,-1.1005,-1.1,-58.4304,Short,Closed,SL - Static,4152.17
2024-12-04 08:11:00+00:00,0.05,96737.00000000001,2024-12-04 16:31:00+00:00,0.05,94802.26,99.95,1.901,1.9,-57.6406,Short,Closed,TP - Static,4231.06
2024-12-04 19:40:00+00:00,0.05,96733.7,2024-12-04 20:06:00+00:00,0.05,97701.037,99.95,-1.1005,-1.1,-58.1065,Short,Closed,SL - Static,4184.52
2024-12-04 20:15:00+00:00,0.05,98150.0,2024-12-05 02:29:00+00:00,0.05,99131.5,99.95,-1.1005,-1.1,-58.5674,Short,Closed,SL - Static,4138.49
2024-12-05 02:33:00+00:00,0.05,99763.09999999999,2024-12-05 02:34:00+00:00,0.05,100760.731,99.95,-1.1005,-1.1,-59.0231,Short,Closed,SL - Static,4092.97
2024-12-05 03:04:00+00:00,0.05,102263.9,2024-12-05 03:06:00+00:00,0.05,103286.53899999999,99.95,-1.1005,-1.1,-59.4739,Short,Closed,SL - Static,4047.95
2024-12-05 16:37:00+00:00,0.05,100954.2,2024-12-05 19:56:00+00:00,0.05,98935.116,99.95,1.901,1.9,-58.7039,Short,Closed,TP - Static,4124.86
2024-12-05 22:26:00+00:00,0.05,98033.99999999999,2024-12-05 22:28:00+00:00,0.05,96073.31999999999,99.95,1.901,1.9,-57.9192,Short,Closed,TP - Static,4203.24
2024-12-05 22:29:00+00:00,0.05,92808.5,2024-12-05 22:30:00+00:00,0.05,94101.9,99.95,-1.4943,-1.4936,-58.5478,Short,Closed,SL - Static,4140.46
2024-12-05 22:32:00+00:00,0.05,96061.2,2024-12-05 22:35:00+00:00,0.05,95100.588,99.95,-1.0995,-1.099,-59.0033,Long,Closed,SL - Static,4094.96
2024-12-06 00:41:00+00:00,0.05,97232.9,2024-12-06 14:25:00+00:00,0.05,99177.55799999999,99.95,1.899,1.8981,-58.2252,Long,Closed,TP - Static,4172.68
2024-12-06 14:31:00+00:00,0.05,99259.2,2024-12-06 17:50:00+00:00,0.05,101244.384,99.95,1.899,1.8981,-57.4322,Long,Closed,TP - Static,4251.88
2024-12-06 23:24:00+00:00,0.05,99774.30000000002,2024-12-08 09:55:00+00:00,0.05,98776.557,99.95,-1.0995,-1.099,-57.9,Long,Closed,SL - Static,4205.16
2024-12-08 23:26:00+00:00,0.05,100687.2,2024-12-09 00:34:00+00:00,0.05,99680.328,99.95,-1.0995,-1.099,-58.3627,Long,Closed,SL - Static,4158.94
2024-12-09 03:45:00+00:00,0.05,99065.0,2024-12-09 12:01:00+00:00,0.05,98074.35,99.95,-1.0995,-1.099,-58.8203,Long,Closed,SL - Static,4113.24
2024-12-09 17:59:00+00:00,0.05,97553.6,2024-12-09 20:49:00+00:00,0.05,96578.064,99.95,-1.0995,-1.099,-59.2729,Long,Closed,SL - Static,4068.04
2024-12-09 21:03:00+00:00,0.05,95850.3,2024-12-09 21:04:00+00:00,0.05,94891.797,99.95,-1.0995,-1.099,-59.7205,Long,Closed,SL - Static,4023.33
2024-12-09 21:16:00+00:00,0.05,96945.8,2024-12-09 22:22:00+00:00,0.05,95976.342,99.95,-1.0995,-1.099,-60.1631,Long,Closed,SL - Static,3979.12
2024-12-10 16:19:00+00:00,0.05,95509.6,2024-12-10 16:41:00+00:00,0.05,94554.504,99.95,-1.0995,-1.099,-60.601,Long,Closed,SL - Static,3935.39
2024-12-10 21:30:00+00:00,0.05,96944.9,2024-12-11 00:42:00+00:00,0.05,95975.45099999999,99.95,-1.0995,-1.099,-61.0339,Long,Closed,SL - Static,3892.14
2024-12-11 13:30:00+00:00,0.05,98372.0,2024-12-11 15:21:00+00:00,0.05,100339.44,99.95,1.899,1.8981,-60.2943,Long,Closed,TP - Static,3966.02
2024-12-11 15:23:00+00:00,0.05,100339.9,2024-12-12 16:03:00+00:00,0.05,102346.69799999999,99.95,1.899,1.8981,-59.5407,Long,Closed,TP - Static,4041.29
2024-12-12 19:36:00+00:00,0.05,99724.1,2024-12-13 17:54:00+00:00,0.05,101718.58200000001,99.95,1.899,1.8981,-58.7727,Long,Closed,TP - Static,4118.0
2024-12-14 15:16:00+00:00,0.05,101504.1,2024-12-15 23:05:00+00:00,0.05,103534.182,99.95,1.899,1.8981,-57.9902,Long,Closed,TP - Static,4196.16
2024-12-15 23:23:00+00:00,0.05,104365.6,2024-12-16 00:34:00+00:00,0.05,106452.91200000001,99.95,1.899,1.8981,-57.1928,Long,Closed,TP - Static,4275.81
2024-12-16 00:36:00+00:00,0.05,106343.8,2024-12-16 00:55:00+00:00,0.05,105280.36200000001,99.95,-1.0995,-1.099,-57.6632,Long,Closed,SL - Static,4228.82
2024-12-16 02:23:00+00:00,0.05,104950.10000000002,2024-12-16 11:53:00+00:00,0.05,103900.599,99.95,-1.0995,-1.099,-58.1285,Long,Closed,SL - Static,4182.34
2024-12-16 15:19:00+00:00,0.05,106109.4,2024-12-17 14:57:00+00:00,0.05,108231.58799999999,99.95,1.899,1.8981,-57.3338,Long,Closed,TP - Static,4261.73
2024-12-17 15:22:00+00:00,0.05,106321.5,2024-12-17 22:45:00+00:00,0.05,105258.285,99.95,-1.0995,-1.099,-57.8027,Long,Closed,SL - Static,4214.89
2024-12-18 04:01:00+00:00,0.05,104571.7,2024-12-18 04:52:00+00:00,0.05,103525.983,99.95,-1.0995,-1.099,-58.2664,Long,Closed,SL - Static,4168.57
2024-12-18 19:59:00+00:00,0.05,102954.7,2024-12-18 20:08:00+00:00,0.05,100895.606,99.95,1.901,1.9,-57.4735,Short,Closed,TP - Static,4247.78
2024-12-19 02:11:00+00:00,0.05,99623.1,2024-12-19 07:38:00+00:00,0.05,101615.562,99.95,1.899,1.8981,-56.6663,Long,Closed,TP - Static,4328.4
2024-12-19 10:36:00+00:00,0.05,102375.1,2024-12-19 14:45:00+00:00,0.05,101351.349,99.95,-1.0995,-1.099,-57.1425,Long,Closed,SL - Static,4280.84
2024-12-19 15:01:00+00:00,0.05,101012.8,2024-12-19 15:22:00+00:00,0.05,100002.672,99.95,-1.0995,-1.099,-57.6135,Long,Closed,SL - Static,4233.79
2024-12-19 17:35:00+00:00,0.05,99273.4,2024-12-19 17:52:00+00:00,0.05,98280.666,99.95,-1.0995,-1.099,-58.0794,Long,Closed,SL - Static,4187.26
2024-12-19 18:18:00+00:00,0.05,97605.7,2024-12-19 19:45:00+00:00,0.05,96629.643,99.95,-1.0995,-1.099,-58.5401,Long,Closed,SL - Static,4141.25
2024-12-20 08:47:00+00:00,0.05,95899.3,2024-12-20 09:48:00+00:00,0.05,94940.307,99.95,-1.0995,-1.099,-58.9957,Long,Closed,SL - Static,4095.74
2024-12-20 10:14:00+00:00,0.05,94312.6,2024-12-20 11:25:00+00:00,0.05,93369.474,99.95,-1.0995,-1.099,-59.4463,Long,Closed,SL - Static,4050.73
2024-12-20 12:08:00+00:00,0.05,92514.1,2024-12-20 12:46:00+00:00,0.05,93901.2,100.15,1.3986,1.4007,-58.8783,Long,Closed,TP - Direction Change,4099.09
2024-12-20 12:46:00+00:00,0.05,93901.2,2024-12-20 13:30:00+00:00,0.05,94840.212,99.95,-1.1005,-1.1,-59.3306,Short,Closed,SL - Static,4062.17
2024-12-20 13:45:00+00:00,0.05,95460.1,2024-12-20 15:47:00+00:00,0.05,97369.30200000001,99.95,1.899,1.8981,-58.5587,Long,Closed,TP - Static,4139.28
2024-12-20 21:14:00+00:00,0.05,95641.5,2024-12-20 23:10:00+00:00,0.05,97554.33,99.95,1.899,1.8981,-57.7721,Long,Closed,TP - Static,4217.84
2024-12-21 07:27:00+00:00,0.05,98779.9,2024-12-21 11:27:00+00:00,0.05,97792.101,99.95,-1.0995,-1.099,-58.2362,Long,Closed,SL - Static,4171.49
2024-12-21 12:55:00+00:00,0.05,97387.4,2024-12-21 13:33:00+00:00,0.05,96413.526,99.95,-1.0995,-1.099,-58.6952,Long,Closed,SL - Static,4125.65
2024-12-22 12:56:00+00:00,0.05,96966.7,2024-12-22 14:23:00+00:00,0.05,95997.033,99.95,-1.0995,-1.099,-59.1491,Long,Closed,SL - Static,4080.31
2024-12-22 14:57:00+00:00,0.05,95500.5,2024-12-22 20:06:00+00:00,0.05,94545.495,99.95,-1.0995,-1.099,-59.5981,Long,Closed,SL - Static,4035.47
2024-12-23 01:19:00+00:00,0.05,93947.7,2024-12-23 03:50:00+00:00,0.05,95826.654,99.95,1.899,1.8981,-58.8312,Long,Closed,TP - Static,4112.06
2024-12-23 14:48:00+00:00,0.05,94066.5,2024-12-23 15:53:00+00:00,0.05,93125.835,99.95,-1.0995,-1.099,-59.2836,Long,Closed,SL - Static,4066.87
2024-12-23 23:20:00+00:00,0.05,95350.0,2024-12-24 00:13:00+00:00,0.05,94396.5,99.95,-1.0995,-1.099,-59.7311,Long,Closed,SL - Static,4022.18
2024-12-24 02:12:00+00:00,0.05,93981.7,2024-12-24 13:54:00+00:00,0.05,95861.334,99.95,1.899,1.8981,-58.9668,Long,Closed,TP - Static,4098.52
2024-12-24 14:37:00+00:00,0.05,96937.9,2024-12-24 17:13:00+00:00,0.05,98876.658,99.95,1.899,1.8981,-58.1879,Long,Closed,TP - Static,4176.32
2024-12-25 17:11:00+00:00,0.05,98193.0,2024-12-26 08:01:00+00:00,0.05,97211.06999999999,99.95,-1.0995,-1.099,-58.6474,Long,Closed,SL - Static,4130.42
2024-12-26 08:08:00+00:00,0.05,96924.19999999998,2024-12-26 08:26:00+00:00,0.05,95954.958,99.95,-1.0995,-1.099,-59.1019,Long,Closed,SL - Static,4085.03
2024-12-26 10:13:00+00:00,0.05,95250.3,2024-12-27 09:05:00+00:00,0.05,97155.30600000001,99.95,1.899,1.8981,-58.3256,Long,Closed,TP - Static,4162.56
2024-12-27 14:40:00+00:00,0.05,95531.0,2024-12-27 15:19:00+00:00,0.05,94575.69,99.95,-1.0995,-1.099,-58.7836,Long,Closed,SL - Static,4116.82
2024-12-27 15:40:00+00:00,0.05,94082.7,2024-12-29 21:52:00+00:00,0.05,93141.87299999999,99.95,-1.0995,-1.099,-59.2366,Long,Closed,SL - Static,4071.58
2024-12-30 14:56:00+00:00,0.05,92186.8,2024-12-30 17:45:00+00:00,0.05,94030.53600000001,99.95,1.899,1.8981,-58.4628,Long,Closed,TP - Static,4148.86
2024-12-30 18:20:00+00:00,0.05,94465.9,2024-12-30 21:39:00+00:00,0.05,93521.241,99.95,-1.0995,-1.099,-58.9193,Long,Closed,SL - Static,4103.26
2024-12-30 21:54:00+00:00,0.05,92052.7,2024-12-31 00:00:00+00:00,0.0,92750.2,99.95,0.7077,0.7074,-58.6287,Long,Open,TP - Direction Change,4132.29
