datetime,signals
2024-01-01 04:30:00+00:00,0
2024-01-01 17:11:00+00:00,0
2024-01-01 21:39:00+00:00,0
2024-01-02 00:30:00+00:00,0
2024-01-02 02:43:00+00:00,0
2024-01-02 07:50:00+00:00,0
2024-01-02 11:46:00+00:00,0
2024-01-02 15:00:00+00:00,0
2024-01-02 18:28:00+00:00,0
2024-01-02 23:49:00+00:00,0
2024-01-03 09:27:00+00:00,0
2024-01-03 11:51:00+00:00,0
2024-01-03 12:05:00+00:00,0
2024-01-03 12:19:00+00:00,0
2024-01-03 13:21:00+00:00,0
2024-01-03 15:54:00+00:00,0
2024-01-03 17:42:00+00:00,0
2024-01-03 21:28:00+00:00,0
2024-01-04 07:18:00+00:00,0
2024-01-04 13:18:00+00:00,0
2024-01-04 16:02:00+00:00,0
2024-01-04 20:37:00+00:00,0
2024-01-05 01:16:00+00:00,0
2024-01-05 03:05:00+00:00,0
2024-01-05 10:18:00+00:00,0
2024-01-05 14:43:00+00:00,0
2024-01-05 19:33:00+00:00,0
2024-01-06 01:21:00+00:00,0
2024-01-06 13:57:00+00:00,0
2024-01-07 02:15:00+00:00,0
2024-01-07 14:16:00+00:00,0
2024-01-07 23:06:00+00:00,0
2024-01-08 05:09:00+00:00,0
2024-01-08 11:24:00+00:00,0
2024-01-08 12:46:00+00:00,0
2024-01-08 16:07:00+00:00,0
2024-01-08 18:30:00+00:00,0
2024-01-08 19:21:00+00:00,0
2024-01-09 00:19:00+00:00,0
2024-01-09 06:11:00+00:00,0
2024-01-09 12:56:00+00:00,0
2024-01-09 15:03:00+00:00,0
2024-01-09 21:00:00+00:00,0
2024-01-09 21:20:00+00:00,0
2024-01-09 21:47:00+00:00,0
2024-01-10 01:05:00+00:00,0
2024-01-10 10:30:00+00:00,0
2024-01-10 12:59:00+00:00,0
2024-01-10 15:26:00+00:00,0
2024-01-10 17:56:00+00:00,0
2024-01-10 20:07:00+00:00,0
2024-01-10 20:44:00+00:00,0
2024-01-10 21:38:00+00:00,0
2024-01-10 23:16:00+00:00,0
2024-01-11 03:37:00+00:00,0
2024-01-11 11:05:00+00:00,0
2024-01-11 14:04:00+00:00,0
2024-01-11 14:45:00+00:00,0
2024-01-11 15:19:00+00:00,0
2024-01-11 16:08:00+00:00,0
2024-01-11 17:29:00+00:00,0
2024-01-11 21:53:00+00:00,0
2024-01-12 07:35:00+00:00,0
2024-01-12 13:45:00+00:00,0
2024-01-12 15:39:00+00:00,0
2024-01-12 16:38:00+00:00,0
2024-01-12 18:03:00+00:00,0
2024-01-12 21:46:00+00:00,0
2024-01-12 22:34:00+00:00,0
2024-01-13 04:41:00+00:00,0
2024-01-13 12:31:00+00:00,0
2024-01-13 22:07:00+00:00,0
2024-01-14 10:48:00+00:00,0
2024-01-14 21:22:00+00:00,0
2024-01-15 01:23:00+00:00,0
2024-01-15 13:46:00+00:00,0
2024-01-15 18:27:00+00:00,0
2024-01-16 00:29:00+00:00,0
2024-01-16 12:27:00+00:00,0
2024-01-16 14:59:00+00:00,0
2024-01-16 17:52:00+00:00,0
2024-01-17 03:06:00+00:00,0
2024-01-17 13:47:00+00:00,0
2024-01-17 18:29:00+00:00,0
2024-01-18 07:10:00+00:00,0
2024-01-18 15:20:00+00:00,0
2024-01-18 17:41:00+00:00,0
2024-01-18 19:57:00+00:00,0
2024-01-18 23:33:00+00:00,0
2024-01-19 08:46:00+00:00,0
2024-01-19 15:27:00+00:00,0
2024-01-19 17:26:00+00:00,0
2024-01-19 19:50:00+00:00,0
2024-01-20 07:44:00+00:00,0
2024-01-20 20:25:00+00:00,0
2024-01-21 09:06:00+00:00,0
2024-01-21 21:47:00+00:00,0
2024-01-22 04:52:00+00:00,0
2024-01-22 09:36:00+00:00,0
2024-01-22 13:08:00+00:00,0
2024-01-22 15:36:00+00:00,0
2024-01-22 18:49:00+00:00,0
2024-01-22 19:40:00+00:00,0
2024-01-22 21:34:00+00:00,0
2024-01-23 02:23:00+00:00,0
2024-01-23 09:00:00+00:00,0
2024-01-23 10:16:00+00:00,0
2024-01-23 13:08:00+00:00,0
2024-01-23 15:30:00+00:00,0
2024-01-23 17:34:00+00:00,0
2024-01-23 22:08:00+00:00,0
2024-01-24 02:22:00+00:00,0
2024-01-24 10:15:00+00:00,0
2024-01-24 14:26:00+00:00,0
2024-01-24 18:24:00+00:00,0
2024-01-25 01:41:00+00:00,0
2024-01-25 11:39:00+00:00,0
2024-01-25 16:02:00+00:00,0
2024-01-25 21:33:00+00:00,0
2024-01-26 09:11:00+00:00,0
2024-01-26 11:20:00+00:00,0
2024-01-26 12:53:00+00:00,0
2024-01-26 16:07:00+00:00,0
2024-01-26 18:32:00+00:00,0
2024-01-27 01:12:00+00:00,0
2024-01-27 13:05:00+00:00,0
2024-01-28 01:36:00+00:00,0
2024-01-28 06:57:00+00:00,0
2024-01-28 15:25:00+00:00,0
2024-01-28 22:47:00+00:00,0
2024-01-29 08:17:00+00:00,0
2024-01-29 15:16:00+00:00,0
2024-01-29 16:45:00+00:00,0
2024-01-29 22:49:00+00:00,0
2024-01-30 05:03:00+00:00,0
2024-01-30 12:35:00+00:00,0
2024-01-30 16:18:00+00:00,0
2024-01-30 23:28:00+00:00,0
2024-01-31 07:27:00+00:00,0
2024-01-31 13:35:00+00:00,0
2024-01-31 16:02:00+00:00,0
2024-01-31 19:38:00+00:00,0
2024-01-31 21:54:00+00:00,0
2024-02-01 03:20:00+00:00,0
2024-02-01 12:28:00+00:00,0
2024-02-01 15:55:00+00:00,0
2024-02-01 19:40:00+00:00,0
2024-02-02 03:29:00+00:00,0
2024-02-02 13:41:00+00:00,0
2024-02-02 16:19:00+00:00,0
2024-02-03 01:02:00+00:00,0
2024-02-03 13:43:00+00:00,0
2024-02-04 02:24:00+00:00,0
2024-02-04 15:05:00+00:00,0
2024-02-04 22:41:00+00:00,0
2024-02-05 07:22:00+00:00,0
2024-02-05 13:23:00+00:00,0
2024-02-05 15:55:00+00:00,0
2024-02-05 20:40:00+00:00,0
2024-02-06 06:22:00+00:00,0
2024-02-06 12:35:00+00:00,0
2024-02-06 16:35:00+00:00,0
2024-02-07 03:06:00+00:00,0
2024-02-07 12:40:00+00:00,0
2024-02-07 17:16:00+00:00,0
2024-02-07 20:08:00+00:00,0
2024-02-07 22:15:00+00:00,0
2024-02-08 02:12:00+00:00,0
2024-02-08 10:31:00+00:00,0
2024-02-08 14:29:00+00:00,0
2024-02-08 16:24:00+00:00,0
2024-02-08 20:19:00+00:00,0
2024-02-09 02:42:00+00:00,0
2024-02-09 05:35:00+00:00,0
2024-02-09 09:12:00+00:00,0
2024-02-09 11:55:00+00:00,0
2024-02-09 13:17:00+00:00,0
2024-02-09 14:32:00+00:00,0
2024-02-09 16:18:00+00:00,0
2024-02-09 18:25:00+00:00,0
2024-02-09 21:28:00+00:00,0
2024-02-10 07:56:00+00:00,0
2024-02-10 15:42:00+00:00,0
2024-02-10 21:25:00+00:00,0
2024-02-11 03:36:00+00:00,0
2024-02-11 09:10:00+00:00,0
2024-02-11 15:29:00+00:00,0
2024-02-11 23:56:00+00:00,0
2024-02-12 05:10:00+00:00,0
2024-02-12 10:36:00+00:00,0
2024-02-12 15:05:00+00:00,0
2024-02-12 15:40:00+00:00,0
2024-02-12 16:22:00+00:00,0
2024-02-12 17:36:00+00:00,0
2024-02-12 20:45:00+00:00,0
2024-02-13 01:59:00+00:00,0
2024-02-13 10:14:00+00:00,0
2024-02-13 13:37:00+00:00,0
2024-02-13 14:23:00+00:00,0
2024-02-13 15:26:00+00:00,0
2024-02-13 18:15:00+00:00,0
2024-02-13 23:57:00+00:00,0
2024-02-14 08:52:00+00:00,0
2024-02-14 09:21:00+00:00,0
2024-02-14 11:36:00+00:00,0
2024-02-14 14:31:00+00:00,0
2024-02-14 15:51:00+00:00,0
2024-02-14 20:04:00+00:00,0
2024-02-15 00:56:00+00:00,0
2024-02-15 05:57:00+00:00,0
2024-02-15 11:33:00+00:00,0
2024-02-15 14:34:00+00:00,0
2024-02-15 15:53:00+00:00,0
2024-02-15 19:39:00+00:00,0
2024-02-16 01:15:00+00:00,0
2024-02-16 08:39:00+00:00,0
2024-02-16 13:31:00+00:00,0
2024-02-16 15:23:00+00:00,0
2024-02-16 22:27:00+00:00,0
2024-02-17 11:07:00+00:00,0
2024-02-17 14:35:00+00:00,0
2024-02-17 19:17:00+00:00,0
2024-02-18 02:47:00+00:00,0
2024-02-18 12:36:00+00:00,0
2024-02-18 22:21:00+00:00,0
2024-02-19 06:19:00+00:00,0
2024-02-19 13:48:00+00:00,0
2024-02-19 18:55:00+00:00,0
2024-02-20 02:56:00+00:00,0
2024-02-20 10:46:00+00:00,0
2024-02-20 13:40:00+00:00,0
2024-02-20 14:41:00+00:00,0
2024-02-20 17:00:00+00:00,0
2024-02-20 19:56:00+00:00,0
2024-02-21 04:33:00+00:00,0
2024-02-21 09:58:00+00:00,0
2024-02-21 12:36:00+00:00,0
2024-02-21 16:01:00+00:00,0
2024-02-21 21:21:00+00:00,0
2024-02-22 03:47:00+00:00,0
2024-02-22 11:09:00+00:00,0
2024-02-22 15:33:00+00:00,0
2024-02-22 21:20:00+00:00,0
2024-02-23 06:02:00+00:00,0
2024-02-23 13:50:00+00:00,0
2024-02-23 16:49:00+00:00,0
2024-02-24 02:30:00+00:00,0
2024-02-24 15:11:00+00:00,0
2024-02-25 02:05:00+00:00,0
2024-02-25 14:46:00+00:00,0
2024-02-25 23:06:00+00:00,0
2024-02-26 10:00:00+00:00,0
2024-02-26 15:12:00+00:00,0
2024-02-26 16:01:00+00:00,0
2024-02-26 16:52:00+00:00,0
2024-02-26 19:16:00+00:00,0
2024-02-26 20:19:00+00:00,0
2024-02-27 01:39:00+00:00,0
2024-02-27 02:08:00+00:00,0
2024-02-27 03:52:00+00:00,0
2024-02-27 07:27:00+00:00,0
2024-02-27 12:08:00+00:00,0
2024-02-27 13:29:00+00:00,0
2024-02-27 15:39:00+00:00,0
2024-02-27 17:40:00+00:00,0
2024-02-27 20:59:00+00:00,0
2024-02-28 07:11:00+00:00,0
2024-02-28 08:08:00+00:00,0
2024-02-28 08:58:00+00:00,0
2024-02-28 11:07:00+00:00,0
2024-02-28 12:57:00+00:00,0
2024-02-28 13:26:00+00:00,0
2024-02-28 14:27:00+00:00,0
2024-02-28 15:16:00+00:00,0
2024-02-28 16:35:00+00:00,0
2024-02-28 17:07:00+00:00,0
2024-02-28 17:20:00+00:00,0
2024-02-28 17:31:00+00:00,0
2024-02-28 17:46:00+00:00,0
2024-02-28 18:23:00+00:00,0
2024-02-28 19:23:00+00:00,0
2024-02-28 21:13:00+00:00,0
2024-02-29 00:01:00+00:00,0
2024-02-29 03:21:00+00:00,0
2024-02-29 06:13:00+00:00,0
2024-02-29 08:25:00+00:00,0
2024-02-29 11:56:00+00:00,0
2024-02-29 14:29:00+00:00,0
2024-02-29 16:33:00+00:00,0
2024-02-29 17:43:00+00:00,0
2024-02-29 19:20:00+00:00,0
2024-02-29 21:38:00+00:00,0
2024-03-01 03:27:00+00:00,0
2024-03-01 09:51:00+00:00,0
2024-03-01 14:41:00+00:00,0
2024-03-01 17:45:00+00:00,0
2024-03-01 21:39:00+00:00,0
2024-03-02 05:15:00+00:00,0
2024-03-02 13:56:00+00:00,0
2024-03-03 00:21:00+00:00,0
2024-03-03 09:15:00+00:00,0
2024-03-03 14:59:00+00:00,0
2024-03-03 22:31:00+00:00,0
2024-03-04 00:49:00+00:00,0
2024-03-04 04:32:00+00:00,0
2024-03-04 08:26:00+00:00,0
2024-03-04 10:03:00+00:00,0
2024-03-04 14:05:00+00:00,0
2024-03-04 15:14:00+00:00,0
2024-03-04 17:17:00+00:00,0
2024-03-04 18:28:00+00:00,0
2024-03-04 20:56:00+00:00,0
2024-03-04 23:18:00+00:00,0
2024-03-05 01:49:00+00:00,0
2024-03-05 04:52:00+00:00,0
2024-03-05 05:58:00+00:00,0
2024-03-05 08:21:00+00:00,0
2024-03-05 12:57:00+00:00,0
2024-03-05 14:51:00+00:00,0
2024-03-05 15:17:00+00:00,0
2024-03-05 16:03:00+00:00,0
2024-03-05 16:19:00+00:00,0
2024-03-05 17:08:00+00:00,0
2024-03-05 18:00:00+00:00,0
2024-03-05 19:18:00+00:00,0
2024-03-05 19:53:00+00:00,0
2024-03-05 20:03:00+00:00,0
2024-03-05 20:43:00+00:00,0
2024-03-05 21:54:00+00:00,0
2024-03-06 00:22:00+00:00,0
2024-03-06 05:00:00+00:00,0
2024-03-06 06:25:00+00:00,0
2024-03-06 09:00:00+00:00,0
2024-03-06 12:10:00+00:00,0
2024-03-06 13:10:00+00:00,0
2024-03-06 14:59:00+00:00,0
2024-03-06 17:19:00+00:00,0
2024-03-06 22:23:00+00:00,0
2024-03-07 06:04:00+00:00,0
2024-03-07 11:46:00+00:00,0
2024-03-07 14:57:00+00:00,0
2024-03-07 18:35:00+00:00,0
2024-03-08 02:00:00+00:00,0
2024-03-08 11:56:00+00:00,0
2024-03-08 15:08:00+00:00,0
2024-03-08 15:34:00+00:00,0
2024-03-08 16:06:00+00:00,0
2024-03-08 16:57:00+00:00,0
2024-03-08 20:01:00+00:00,0
2024-03-09 01:26:00+00:00,0
2024-03-09 14:07:00+00:00,0
2024-03-10 02:18:00+00:00,0
2024-03-10 09:51:00+00:00,0
2024-03-10 14:50:00+00:00,0
2024-03-10 23:02:00+00:00,0
2024-03-11 02:00:00+00:00,0
2024-03-11 07:13:00+00:00,0
2024-03-11 08:00:00+00:00,0
2024-03-11 11:04:00+00:00,0
2024-03-11 13:32:00+00:00,0
2024-03-11 15:55:00+00:00,0
2024-03-11 19:58:00+00:00,0
2024-03-12 03:45:00+00:00,0
2024-03-12 08:46:00+00:00,0
2024-03-12 13:46:00+00:00,0
2024-03-12 15:00:00+00:00,0
2024-03-12 16:33:00+00:00,0
2024-03-12 17:28:00+00:00,0
2024-03-12 19:02:00+00:00,0
2024-03-13 01:36:00+00:00,0
2024-03-13 07:56:00+00:00,0
2024-03-13 12:42:00+00:00,0
2024-03-13 14:56:00+00:00,0
2024-03-13 20:36:00+00:00,0
2024-03-14 05:21:00+00:00,0
2024-03-14 11:40:00+00:00,0
2024-03-14 14:04:00+00:00,0
2024-03-14 15:37:00+00:00,0
2024-03-14 16:47:00+00:00,0
2024-03-14 18:58:00+00:00,0
2024-03-14 19:57:00+00:00,0
2024-03-14 22:35:00+00:00,0
2024-03-15 02:41:00+00:00,0
2024-03-15 03:22:00+00:00,0
2024-03-15 04:05:00+00:00,0
2024-03-15 05:56:00+00:00,0
2024-03-15 08:45:00+00:00,0
2024-03-15 09:25:00+00:00,0
2024-03-15 11:43:00+00:00,0
2024-03-15 14:58:00+00:00,0
2024-03-15 18:47:00+00:00,0
2024-03-15 20:10:00+00:00,0
2024-03-16 00:56:00+00:00,0
2024-03-16 10:19:00+00:00,0
2024-03-16 15:00:00+00:00,0
2024-03-16 18:59:00+00:00,0
2024-03-16 22:11:00+00:00,0
2024-03-17 00:11:00+00:00,0
2024-03-17 06:36:00+00:00,0
2024-03-17 08:53:00+00:00,0
2024-03-17 13:01:00+00:00,0
2024-03-17 17:54:00+00:00,0
2024-03-18 01:04:00+00:00,0
2024-03-18 07:41:00+00:00,0
2024-03-18 13:30:00+00:00,0
2024-03-18 15:30:00+00:00,0
2024-03-18 19:46:00+00:00,0
2024-03-19 01:28:00+00:00,0
2024-03-19 03:40:00+00:00,0
2024-03-19 06:19:00+00:00,0
2024-03-19 08:06:00+00:00,0
2024-03-19 09:19:00+00:00,0
2024-03-19 11:31:00+00:00,0
2024-03-19 14:00:00+00:00,0
2024-03-19 15:58:00+00:00,0
2024-03-19 17:41:00+00:00,0
2024-03-19 21:02:00+00:00,0
2024-03-19 23:56:00+00:00,0
2024-03-20 02:35:00+00:00,0
2024-03-20 04:48:00+00:00,0
2024-03-20 07:30:00+00:00,0
2024-03-20 11:25:00+00:00,0
2024-03-20 13:52:00+00:00,0
2024-03-20 16:29:00+00:00,0
2024-03-20 17:47:00+00:00,0
2024-03-20 19:49:00+00:00,0
2024-03-20 21:29:00+00:00,0
2024-03-21 02:10:00+00:00,0
2024-03-21 06:22:00+00:00,0
2024-03-21 13:11:00+00:00,0
2024-03-21 16:31:00+00:00,0
2024-03-21 19:46:00+00:00,0
2024-03-22 01:36:00+00:00,0
2024-03-22 09:35:00+00:00,0
2024-03-22 12:51:00+00:00,0
2024-03-22 14:23:00+00:00,0
2024-03-22 16:11:00+00:00,0
2024-03-22 20:44:00+00:00,0
2024-03-23 01:38:00+00:00,0
2024-03-23 07:42:00+00:00,0
2024-03-23 14:44:00+00:00,0
2024-03-23 20:44:00+00:00,0
2024-03-24 06:27:00+00:00,0
2024-03-24 13:14:00+00:00,0
2024-03-24 18:39:00+00:00,0
2024-03-25 00:00:00+00:00,0
2024-03-25 06:40:00+00:00,0
2024-03-25 13:58:00+00:00,0
2024-03-25 14:45:00+00:00,0
2024-03-25 16:42:00+00:00,0
2024-03-25 20:01:00+00:00,0
2024-03-26 00:51:00+00:00,0
2024-03-26 07:54:00+00:00,0
2024-03-26 13:36:00+00:00,0
2024-03-26 15:06:00+00:00,0
2024-03-26 19:54:00+00:00,0
2024-03-27 04:35:00+00:00,0
2024-03-27 12:05:00+00:00,0
2024-03-27 13:42:00+00:00,0
2024-03-27 14:14:00+00:00,0
2024-03-27 16:00:00+00:00,0
2024-03-27 19:59:00+00:00,0
2024-03-28 04:45:00+00:00,0
2024-03-28 11:11:00+00:00,0
2024-03-28 14:52:00+00:00,0
2024-03-28 23:49:00+00:00,0
2024-03-29 09:44:00+00:00,0
2024-03-29 15:40:00+00:00,0
2024-03-30 03:36:00+00:00,0
2024-03-30 16:17:00+00:00,0
2024-03-31 04:58:00+00:00,0
2024-03-31 17:39:00+00:00,0
2024-04-01 01:59:00+00:00,0
2024-04-01 06:26:00+00:00,0
2024-04-01 13:57:00+00:00,0
2024-04-01 15:58:00+00:00,0
2024-04-01 21:16:00+00:00,0
2024-04-02 02:38:00+00:00,0
2024-04-02 03:47:00+00:00,0
2024-04-02 08:23:00+00:00,0
2024-04-02 11:08:00+00:00,0
2024-04-02 13:23:00+00:00,0
2024-04-02 15:11:00+00:00,0
2024-04-02 17:30:00+00:00,0
2024-04-02 23:57:00+00:00,0
2024-04-03 04:16:00+00:00,0
2024-04-03 11:11:00+00:00,0
2024-04-03 15:16:00+00:00,0
2024-04-03 20:37:00+00:00,0
2024-04-04 04:52:00+00:00,0
2024-04-04 13:09:00+00:00,0
2024-04-04 16:22:00+00:00,0
2024-04-04 18:35:00+00:00,0
2024-04-04 21:02:00+00:00,0
2024-04-05 04:45:00+00:00,0
2024-04-05 09:08:00+00:00,0
2024-04-05 12:36:00+00:00,0
2024-04-05 14:56:00+00:00,0
2024-04-05 20:24:00+00:00,0
2024-04-06 09:05:00+00:00,0
2024-04-06 21:46:00+00:00,0
2024-04-07 03:50:00+00:00,0
2024-04-07 15:38:00+00:00,0
2024-04-07 20:51:00+00:00,0
2024-04-08 07:30:00+00:00,0
2024-04-08 08:55:00+00:00,0
2024-04-08 11:41:00+00:00,0
2024-04-08 15:04:00+00:00,0
2024-04-09 00:28:00+00:00,0
2024-04-09 07:22:00+00:00,0
2024-04-09 09:48:00+00:00,0
2024-04-09 14:30:00+00:00,0
2024-04-09 15:37:00+00:00,0
2024-04-09 21:03:00+00:00,0
2024-04-10 05:55:00+00:00,0
2024-04-10 12:32:00+00:00,0
2024-04-10 14:02:00+00:00,0
2024-04-10 17:01:00+00:00,0
2024-04-10 21:48:00+00:00,0
2024-04-11 04:05:00+00:00,0
2024-04-11 11:16:00+00:00,0
2024-04-11 13:46:00+00:00,0
2024-04-11 17:16:00+00:00,0
2024-04-12 03:33:00+00:00,0
2024-04-12 13:01:00+00:00,0
2024-04-12 15:30:00+00:00,0
2024-04-12 17:28:00+00:00,0
2024-04-12 18:33:00+00:00,0
2024-04-12 19:11:00+00:00,0
2024-04-13 00:15:00+00:00,0
2024-04-13 04:46:00+00:00,0
2024-04-13 13:23:00+00:00,0
2024-04-13 18:19:00+00:00,0
2024-04-13 20:01:00+00:00,0
2024-04-13 20:13:00+00:00,0
2024-04-13 20:52:00+00:00,0
2024-04-13 22:38:00+00:00,0
2024-04-14 00:16:00+00:00,0
2024-04-14 03:15:00+00:00,0
2024-04-14 07:52:00+00:00,0
2024-04-14 14:01:00+00:00,0
2024-04-14 17:21:00+00:00,0
2024-04-14 20:12:00+00:00,0
2024-04-15 00:11:00+00:00,0
2024-04-15 06:34:00+00:00,0
2024-04-15 12:14:00+00:00,0
2024-04-15 15:00:00+00:00,0
2024-04-15 17:36:00+00:00,0
2024-04-15 19:34:00+00:00,0
2024-04-16 01:11:00+00:00,0
2024-04-16 05:09:00+00:00,0
2024-04-16 10:25:00+00:00,0
2024-04-16 13:06:00+00:00,0
2024-04-16 15:17:00+00:00,0
2024-04-16 17:56:00+00:00,0
2024-04-17 00:02:00+00:00,0
2024-04-17 08:04:00+00:00,0
2024-04-17 13:23:00+00:00,0
2024-04-17 14:41:00+00:00,0
2024-04-17 15:42:00+00:00,0
2024-04-17 16:43:00+00:00,0
2024-04-17 19:23:00+00:00,0
2024-04-18 01:50:00+00:00,0
2024-04-18 07:49:00+00:00,0
2024-04-18 12:09:00+00:00,0
2024-04-18 14:14:00+00:00,0
2024-04-18 17:04:00+00:00,0
2024-04-18 21:29:00+00:00,0
2024-04-19 01:43:00+00:00,0
2024-04-19 02:46:00+00:00,0
2024-04-19 04:51:00+00:00,0
2024-04-19 06:53:00+00:00,0
2024-04-19 08:29:00+00:00,0
2024-04-19 12:13:00+00:00,0
2024-04-19 14:57:00+00:00,0
2024-04-19 18:03:00+00:00,0
2024-04-20 00:12:00+00:00,0
2024-04-20 09:06:00+00:00,0
2024-04-20 16:10:00+00:00,0
2024-04-21 01:02:00+00:00,0
2024-04-21 11:37:00+00:00,0
2024-04-21 20:02:00+00:00,0
2024-04-22 03:36:00+00:00,0
2024-04-22 09:53:00+00:00,0
2024-04-22 16:18:00+00:00,0
2024-04-22 23:19:00+00:00,0
2024-04-23 09:10:00+00:00,0
2024-04-23 15:16:00+00:00,0
2024-04-24 02:57:00+00:00,0
2024-04-24 13:18:00+00:00,0
2024-04-24 15:16:00+00:00,0
2024-04-24 18:51:00+00:00,0
2024-04-25 00:09:00+00:00,0
2024-04-25 09:25:00+00:00,0
2024-04-25 13:09:00+00:00,0
2024-04-25 16:38:00+00:00,0
2024-04-25 22:19:00+00:00,0
2024-04-26 08:49:00+00:00,0
2024-04-26 14:38:00+00:00,0
2024-04-26 21:09:00+00:00,0
2024-04-27 03:34:00+00:00,0
2024-04-27 16:15:00+00:00,0
2024-04-28 02:53:00+00:00,0
2024-04-28 15:29:00+00:00,0
2024-04-29 03:00:00+00:00,0
2024-04-29 10:13:00+00:00,0
2024-04-29 14:51:00+00:00,0
2024-04-29 23:01:00+00:00,0
2024-04-30 04:20:00+00:00,0
2024-04-30 09:29:00+00:00,0
2024-04-30 12:28:00+00:00,0
2024-04-30 15:49:00+00:00,0
2024-04-30 19:15:00+00:00,0
2024-04-30 22:11:00+00:00,0
2024-05-01 04:36:00+00:00,0
2024-05-01 07:26:00+00:00,0
2024-05-01 08:22:00+00:00,0
2024-05-01 11:09:00+00:00,0
2024-05-01 14:37:00+00:00,0
2024-05-01 18:00:00+00:00,0
2024-05-01 19:00:00+00:00,0
2024-05-01 20:25:00+00:00,0
2024-05-02 01:36:00+00:00,0
2024-05-02 10:36:00+00:00,0
2024-05-02 13:11:00+00:00,0
2024-05-02 16:05:00+00:00,0
2024-05-02 22:33:00+00:00,0
2024-05-03 08:08:00+00:00,0
2024-05-03 12:46:00+00:00,0
2024-05-03 13:53:00+00:00,0
2024-05-03 16:51:00+00:00,0
2024-05-03 21:56:00+00:00,0
2024-05-04 05:01:00+00:00,0
2024-05-04 11:09:00+00:00,0
2024-05-04 18:44:00+00:00,0
2024-05-05 04:17:00+00:00,0
2024-05-05 14:17:00+00:00,0
2024-05-05 22:10:00+00:00,0
2024-05-06 08:18:00+00:00,0
2024-05-06 10:53:00+00:00,0
2024-05-06 14:22:00+00:00,0
2024-05-06 18:19:00+00:00,0
2024-05-07 03:23:00+00:00,0
2024-05-07 10:28:00+00:00,0
2024-05-07 15:15:00+00:00,0
2024-05-07 23:05:00+00:00,0
2024-05-08 07:44:00+00:00,0
2024-05-08 14:21:00+00:00,0
2024-05-08 20:19:00+00:00,0
2024-05-09 03:20:00+00:00,0
2024-05-09 12:03:00+00:00,0
2024-05-09 16:04:00+00:00,0
2024-05-09 22:40:00+00:00,0
2024-05-10 07:47:00+00:00,0
2024-05-10 14:31:00+00:00,0
2024-05-10 15:20:00+00:00,0
2024-05-10 17:26:00+00:00,0
2024-05-11 02:06:00+00:00,0
2024-05-11 14:47:00+00:00,0
2024-05-12 03:28:00+00:00,0
2024-05-12 16:09:00+00:00,0
2024-05-13 02:34:00+00:00,0
2024-05-13 07:56:00+00:00,0
2024-05-13 10:37:00+00:00,0
2024-05-13 16:28:00+00:00,0
2024-05-14 02:19:00+00:00,0
2024-05-14 07:40:00+00:00,0
2024-05-14 13:45:00+00:00,0
2024-05-14 17:08:00+00:00,0
2024-05-15 05:49:00+00:00,0
2024-05-15 11:46:00+00:00,0
2024-05-15 13:00:00+00:00,0
2024-05-15 15:03:00+00:00,0
2024-05-15 18:26:00+00:00,0
2024-05-15 22:25:00+00:00,0
2024-05-16 07:05:00+00:00,0
2024-05-16 13:11:00+00:00,0
2024-05-16 16:49:00+00:00,0
2024-05-16 23:40:00+00:00,0
2024-05-17 07:31:00+00:00,0
2024-05-17 14:30:00+00:00,0
2024-05-17 18:01:00+00:00,0
2024-05-18 06:42:00+00:00,0
2024-05-18 17:34:00+00:00,0
2024-05-19 06:15:00+00:00,0
2024-05-19 12:53:00+00:00,0
2024-05-19 20:45:00+00:00,0
2024-05-20 06:55:00+00:00,0
2024-05-20 14:04:00+00:00,0
2024-05-20 17:00:00+00:00,0
2024-05-20 19:31:00+00:00,0
2024-05-20 20:52:00+00:00,0
2024-05-20 23:33:00+00:00,0
2024-05-21 02:31:00+00:00,0
2024-05-21 11:22:00+00:00,0
2024-05-21 14:39:00+00:00,0
2024-05-21 19:27:00+00:00,0
2024-05-22 04:47:00+00:00,0
2024-05-22 13:40:00+00:00,0
2024-05-22 18:21:00+00:00,0
2024-05-23 04:43:00+00:00,0
2024-05-23 13:11:00+00:00,0
2024-05-23 14:16:00+00:00,0
2024-05-23 18:20:00+00:00,0
2024-05-23 21:05:00+00:00,0
2024-05-24 05:02:00+00:00,0
2024-05-24 12:51:00+00:00,0
2024-05-24 17:35:00+00:00,0
2024-05-25 06:16:00+00:00,0
2024-05-25 18:57:00+00:00,0
2024-05-26 07:38:00+00:00,0
2024-05-26 20:19:00+00:00,0
2024-05-27 08:33:00+00:00,0
2024-05-27 15:29:00+00:00,0
2024-05-27 20:21:00+00:00,0
2024-05-28 03:26:00+00:00,0
2024-05-28 09:49:00+00:00,0
2024-05-28 14:41:00+00:00,0
2024-05-28 20:15:00+00:00,0
2024-05-29 08:08:00+00:00,0
2024-05-29 14:34:00+00:00,0
2024-05-29 23:38:00+00:00,0
2024-05-30 08:17:00+00:00,0
2024-05-30 14:22:00+00:00,0
2024-05-30 19:42:00+00:00,0
2024-05-31 08:18:00+00:00,0
2024-05-31 13:57:00+00:00,0
2024-05-31 16:24:00+00:00,0
2024-06-01 02:53:00+00:00,0
2024-06-01 15:34:00+00:00,0
2024-06-02 04:15:00+00:00,0
2024-06-02 14:33:00+00:00,0
2024-06-03 01:20:00+00:00,0
2024-06-03 07:05:00+00:00,0
2024-06-03 13:28:00+00:00,0
2024-06-03 14:58:00+00:00,0
2024-06-03 20:27:00+00:00,0
2024-06-04 08:17:00+00:00,0
2024-06-04 14:05:00+00:00,0
2024-06-04 16:02:00+00:00,0
2024-06-04 19:32:00+00:00,0
2024-06-05 03:00:00+00:00,0
2024-06-05 11:17:00+00:00,0
2024-06-05 15:20:00+00:00,0
2024-06-05 19:10:00+00:00,0
2024-06-06 07:51:00+00:00,0
2024-06-06 14:47:00+00:00,0
2024-06-06 19:53:00+00:00,0
2024-06-07 05:14:00+00:00,0
2024-06-07 12:23:00+00:00,0
2024-06-07 13:03:00+00:00,0
2024-06-07 17:21:00+00:00,0
2024-06-07 18:14:00+00:00,0
2024-06-07 20:25:00+00:00,0
2024-06-08 09:06:00+00:00,0
2024-06-08 21:47:00+00:00,0
2024-06-09 10:28:00+00:00,0
2024-06-09 22:04:00+00:00,0
2024-06-10 10:45:00+00:00,0
2024-06-10 16:17:00+00:00,0
2024-06-11 01:52:00+00:00,0
2024-06-11 03:05:00+00:00,0
2024-06-11 06:36:00+00:00,0
2024-06-11 09:52:00+00:00,0
2024-06-11 13:35:00+00:00,0
2024-06-11 15:48:00+00:00,0
2024-06-11 19:42:00+00:00,0
2024-06-12 04:08:00+00:00,0
2024-06-12 12:30:00+00:00,0
2024-06-12 13:24:00+00:00,0
2024-06-12 16:27:00+00:00,0
2024-06-12 18:32:00+00:00,0
2024-06-12 19:45:00+00:00,0
2024-06-12 22:51:00+00:00,0
2024-06-13 04:38:00+00:00,0
2024-06-13 12:12:00+00:00,0
2024-06-13 13:58:00+00:00,0
2024-06-13 15:48:00+00:00,0
2024-06-13 20:40:00+00:00,0
2024-06-14 07:00:00+00:00,0
2024-06-14 14:27:00+00:00,0
2024-06-14 16:11:00+00:00,0
2024-06-14 17:42:00+00:00,0
2024-06-14 22:07:00+00:00,0
2024-06-15 10:48:00+00:00,0
2024-06-15 23:29:00+00:00,0
2024-06-16 12:10:00+00:00,0
2024-06-17 00:42:00+00:00,0
2024-06-17 07:33:00+00:00,0
2024-06-17 12:48:00+00:00,0
2024-06-17 16:03:00+00:00,0
2024-06-17 18:09:00+00:00,0
2024-06-17 20:51:00+00:00,0
2024-06-18 01:42:00+00:00,0
2024-06-18 02:51:00+00:00,0
2024-06-18 10:00:00+00:00,0
2024-06-18 13:30:00+00:00,0
2024-06-18 14:41:00+00:00,0
2024-06-18 17:08:00+00:00,0
2024-06-18 20:51:00+00:00,0
2024-06-19 01:56:00+00:00,0
2024-06-19 09:19:00+00:00,0
2024-06-19 15:48:00+00:00,0
2024-06-20 02:06:00+00:00,0
2024-06-20 09:00:00+00:00,0
2024-06-20 12:51:00+00:00,0
2024-06-20 14:22:00+00:00,0
2024-06-20 18:09:00+00:00,0
2024-06-21 04:04:00+00:00,0
2024-06-21 09:01:00+00:00,0
2024-06-21 13:33:00+00:00,0
2024-06-21 16:27:00+00:00,0
2024-06-22 01:52:00+00:00,0
2024-06-22 14:33:00+00:00,0
2024-06-23 03:14:00+00:00,0
2024-06-23 15:55:00+00:00,0
2024-06-24 00:05:00+00:00,0
2024-06-24 04:14:00+00:00,0
2024-06-24 07:38:00+00:00,0
2024-06-24 09:31:00+00:00,0
2024-06-24 09:58:00+00:00,0
2024-06-24 13:02:00+00:00,0
2024-06-24 16:01:00+00:00,0
2024-06-24 17:07:00+00:00,0
2024-06-24 18:24:00+00:00,-1
2024-06-24 20:07:00+00:00,-1
2024-06-24 21:30:00+00:00,-1
2024-06-25 03:06:00+00:00,-1
2024-06-25 07:16:00+00:00,1
2024-06-25 11:42:00+00:00,1
2024-06-25 14:33:00+00:00,1
2024-06-25 16:33:00+00:00,-1
2024-06-25 18:52:00+00:00,-1
2024-06-26 02:10:00+00:00,1
2024-06-26 10:08:00+00:00,-1
2024-06-26 15:13:00+00:00,1
2024-06-26 18:49:00+00:00,-1
2024-06-27 03:15:00+00:00,-1
2024-06-27 11:16:00+00:00,-1
2024-06-27 14:06:00+00:00,-1
2024-06-27 18:10:00+00:00,-1
2024-06-28 02:44:00+00:00,-1
2024-06-28 11:19:00+00:00,-1
2024-06-28 13:58:00+00:00,-1
2024-06-28 16:56:00+00:00,-1
2024-06-28 22:22:00+00:00,-1
2024-06-29 08:15:00+00:00,-1
2024-06-29 20:56:00+00:00,-1
2024-06-30 07:28:00+00:00,1
2024-06-30 14:27:00+00:00,1
2024-06-30 22:00:00+00:00,1
2024-07-01 01:09:00+00:00,-1
2024-07-01 05:34:00+00:00,-1
2024-07-01 13:10:00+00:00,-1
2024-07-01 16:52:00+00:00,-1
2024-07-01 21:24:00+00:00,-1
2024-07-02 07:22:00+00:00,-1
2024-07-02 13:37:00+00:00,-1
2024-07-02 14:58:00+00:00,-1
2024-07-02 20:51:00+00:00,-1
2024-07-03 03:04:00+00:00,-1
2024-07-03 07:31:00+00:00,-1
2024-07-03 10:17:00+00:00,-1
2024-07-03 12:07:00+00:00,-1
2024-07-03 14:23:00+00:00,-1
2024-07-03 18:21:00+00:00,-1
2024-07-03 21:55:00+00:00,-1
2024-07-04 01:52:00+00:00,-1
2024-07-04 02:13:00+00:00,-1
2024-07-04 06:32:00+00:00,-1
2024-07-04 08:40:00+00:00,-1
2024-07-04 09:43:00+00:00,-1
2024-07-04 12:50:00+00:00,1
2024-07-04 13:49:00+00:00,-1
2024-07-04 15:50:00+00:00,1
2024-07-04 19:19:00+00:00,1
2024-07-04 23:41:00+00:00,-1
2024-07-05 00:45:00+00:00,-1
2024-07-05 02:41:00+00:00,-1
2024-07-05 03:02:00+00:00,-1
2024-07-05 03:59:00+00:00,-1
2024-07-05 04:26:00+00:00,-1
2024-07-05 06:01:00+00:00,-1
2024-07-05 08:16:00+00:00,-1
2024-07-05 10:20:00+00:00,-1
2024-07-05 12:30:00+00:00,-1
2024-07-05 14:08:00+00:00,-1
2024-07-05 16:00:00+00:00,-1
2024-07-05 17:48:00+00:00,-1
2024-07-05 21:35:00+00:00,-1
2024-07-06 04:39:00+00:00,-1
2024-07-06 12:49:00+00:00,-1
2024-07-06 16:27:00+00:00,-1
2024-07-06 23:14:00+00:00,-1
2024-07-07 03:21:00+00:00,1
2024-07-07 08:16:00+00:00,-1
2024-07-07 14:03:00+00:00,-1
2024-07-07 21:10:00+00:00,-1
2024-07-08 00:03:00+00:00,-1
2024-07-08 01:27:00+00:00,-1
2024-07-08 03:27:00+00:00,-1
2024-07-08 07:55:00+00:00,-1
2024-07-08 08:48:00+00:00,-1
2024-07-08 10:12:00+00:00,-1
2024-07-08 12:52:00+00:00,-1
2024-07-08 14:30:00+00:00,-1
2024-07-08 15:00:00+00:00,-1
2024-07-08 17:04:00+00:00,-1
2024-07-08 22:13:00+00:00,-1
2024-07-09 02:57:00+00:00,-1
2024-07-09 08:05:00+00:00,-1
2024-07-09 12:39:00+00:00,-1
2024-07-09 14:39:00+00:00,-1
2024-07-09 18:20:00+00:00,-1
2024-07-10 00:56:00+00:00,1
2024-07-10 04:27:00+00:00,-1
2024-07-10 08:12:00+00:00,-1
2024-07-10 12:34:00+00:00,-1
2024-07-10 15:05:00+00:00,-1
2024-07-10 20:51:00+00:00,-1
2024-07-11 03:10:00+00:00,-1
2024-07-11 09:16:00+00:00,-1
2024-07-11 12:30:00+00:00,-1
2024-07-11 13:40:00+00:00,-1
2024-07-11 15:21:00+00:00,-1
2024-07-11 19:59:00+00:00,-1
2024-07-12 01:36:00+00:00,-1
2024-07-12 07:55:00+00:00,-1
2024-07-12 12:48:00+00:00,-1
2024-07-12 16:13:00+00:00,-1
2024-07-12 19:59:00+00:00,1
2024-07-13 06:23:00+00:00,-1
2024-07-13 12:51:00+00:00,-1
2024-07-13 22:25:00+00:00,-1
2024-07-14 00:18:00+00:00,-1
2024-07-14 05:05:00+00:00,-1
2024-07-14 11:00:00+00:00,-1
2024-07-14 16:44:00+00:00,-1
2024-07-14 22:15:00+00:00,-1
2024-07-15 02:17:00+00:00,-1
2024-07-15 04:03:00+00:00,-1
2024-07-15 08:26:00+00:00,-1
2024-07-15 12:39:00+00:00,-1
2024-07-15 15:38:00+00:00,-1
2024-07-15 18:17:00+00:00,-1
2024-07-15 22:12:00+00:00,-1
2024-07-16 00:40:00+00:00,-1
2024-07-16 05:34:00+00:00,1
2024-07-16 07:14:00+00:00,1
2024-07-16 09:46:00+00:00,-1
2024-07-16 12:45:00+00:00,-1
2024-07-16 15:12:00+00:00,-1
2024-07-16 16:27:00+00:00,1
2024-07-16 20:50:00+00:00,1
2024-07-17 00:58:00+00:00,1
2024-07-17 05:07:00+00:00,1
2024-07-17 09:48:00+00:00,1
2024-07-17 13:46:00+00:00,1
2024-07-17 16:11:00+00:00,1
2024-07-17 19:21:00+00:00,-1
2024-07-18 02:12:00+00:00,-1
2024-07-18 10:28:00+00:00,-1
2024-07-18 14:43:00+00:00,1
2024-07-18 16:26:00+00:00,1
2024-07-18 22:58:00+00:00,-1
2024-07-19 06:40:00+00:00,-1
2024-07-19 11:36:00+00:00,-1
2024-07-19 14:09:00+00:00,1
2024-07-19 15:57:00+00:00,-1
2024-07-19 17:25:00+00:00,-1
2024-07-19 19:55:00+00:00,1
2024-07-20 03:06:00+00:00,-1
2024-07-20 15:47:00+00:00,1
2024-07-20 21:03:00+00:00,1
2024-07-21 08:09:00+00:00,1
2024-07-21 16:47:00+00:00,1
2024-07-21 18:16:00+00:00,-1
2024-07-21 20:28:00+00:00,1
2024-07-22 01:40:00+00:00,1
2024-07-22 09:02:00+00:00,-1
2024-07-22 14:25:00+00:00,-1
2024-07-22 19:28:00+00:00,-1
2024-07-23 02:18:00+00:00,-1
2024-07-23 07:21:00+00:00,1
2024-07-23 12:53:00+00:00,-1
2024-07-23 14:39:00+00:00,1
2024-07-23 16:54:00+00:00,1
2024-07-23 20:29:00+00:00,1
2024-07-24 05:06:00+00:00,1
2024-07-24 13:00:00+00:00,1
2024-07-24 15:25:00+00:00,1
2024-07-24 19:28:00+00:00,1
2024-07-25 00:19:00+00:00,1
2024-07-25 01:53:00+00:00,1
2024-07-25 05:05:00+00:00,1
2024-07-25 11:38:00+00:00,1
2024-07-25 14:18:00+00:00,1
2024-07-25 16:34:00+00:00,1
2024-07-25 21:02:00+00:00,-1
2024-07-26 01:19:00+00:00,-1
2024-07-26 05:04:00+00:00,-1
2024-07-26 12:40:00+00:00,-1
2024-07-26 14:38:00+00:00,-1
2024-07-26 20:00:00+00:00,-1
2024-07-27 05:40:00+00:00,1
2024-07-27 13:15:00+00:00,-1
2024-07-27 15:46:00+00:00,-1
2024-07-27 19:31:00+00:00,-1
2024-07-27 20:22:00+00:00,-1
2024-07-27 20:49:00+00:00,-1
2024-07-27 21:34:00+00:00,1
2024-07-28 04:42:00+00:00,1
2024-07-28 13:20:00+00:00,1
2024-07-29 00:11:00+00:00,-1
2024-07-29 03:07:00+00:00,1
2024-07-29 09:57:00+00:00,1
2024-07-29 13:41:00+00:00,1
2024-07-29 14:50:00+00:00,1
2024-07-29 16:25:00+00:00,1
2024-07-29 17:14:00+00:00,1
2024-07-29 21:25:00+00:00,1
2024-07-30 01:04:00+00:00,1
2024-07-30 07:19:00+00:00,1
2024-07-30 13:55:00+00:00,1
2024-07-30 16:42:00+00:00,1
2024-07-30 20:09:00+00:00,1
2024-07-31 04:16:00+00:00,1
2024-07-31 10:09:00+00:00,-1
2024-07-31 15:02:00+00:00,1
2024-07-31 19:24:00+00:00,1
2024-07-31 20:55:00+00:00,1
2024-08-01 01:46:00+00:00,1
2024-08-01 05:16:00+00:00,1
2024-08-01 12:20:00+00:00,1
2024-08-01 15:15:00+00:00,1
2024-08-01 16:03:00+00:00,1
2024-08-01 18:00:00+00:00,-1
2024-08-01 20:48:00+00:00,1
2024-08-01 23:32:00+00:00,-1
2024-08-02 03:02:00+00:00,1
2024-08-02 08:35:00+00:00,-1
2024-08-02 12:49:00+00:00,1
2024-08-02 14:35:00+00:00,1
2024-08-02 15:08:00+00:00,1
2024-08-02 16:25:00+00:00,1
2024-08-02 20:01:00+00:00,1
2024-08-02 21:41:00+00:00,1
2024-08-03 01:06:00+00:00,1
2024-08-03 04:37:00+00:00,1
2024-08-03 13:58:00+00:00,1
2024-08-03 16:30:00+00:00,1
2024-08-03 18:34:00+00:00,1
2024-08-03 21:28:00+00:00,1
2024-08-04 05:41:00+00:00,1
2024-08-04 14:11:00+00:00,1
2024-08-04 15:12:00+00:00,1
2024-08-04 17:08:00+00:00,1
2024-08-04 17:47:00+00:00,1
2024-08-04 19:26:00+00:00,1
2024-08-04 23:11:00+00:00,1
2024-08-05 00:40:00+00:00,1
2024-08-05 01:07:00+00:00,1
2024-08-05 01:15:00+00:00,1
2024-08-05 01:37:00+00:00,1
2024-08-05 02:27:00+00:00,1
2024-08-05 04:05:00+00:00,1
2024-08-05 05:18:00+00:00,1
2024-08-05 06:06:00+00:00,1
2024-08-05 06:24:00+00:00,1
2024-08-05 06:47:00+00:00,1
2024-08-05 07:36:00+00:00,1
2024-08-05 09:00:00+00:00,1
2024-08-05 10:30:00+00:00,1
2024-08-05 11:25:00+00:00,1
2024-08-05 12:26:00+00:00,1
2024-08-05 13:02:00+00:00,1
2024-08-05 13:37:00+00:00,1
2024-08-05 14:01:00+00:00,1
2024-08-05 14:35:00+00:00,1
2024-08-05 15:22:00+00:00,1
2024-08-05 16:34:00+00:00,1
2024-08-05 18:15:00+00:00,1
2024-08-05 19:50:00+00:00,1
2024-08-05 22:10:00+00:00,1
2024-08-06 00:35:00+00:00,1
2024-08-06 04:05:00+00:00,1
2024-08-06 08:27:00+00:00,1
2024-08-06 11:15:00+00:00,1
2024-08-06 13:50:00+00:00,1
2024-08-06 14:44:00+00:00,1
2024-08-06 17:00:00+00:00,1
2024-08-06 20:33:00+00:00,1
2024-08-07 00:36:00+00:00,1
2024-08-07 03:46:00+00:00,1
2024-08-07 09:01:00+00:00,1
2024-08-07 12:36:00+00:00,1
2024-08-07 14:42:00+00:00,1
2024-08-07 17:25:00+00:00,-1
2024-08-07 20:20:00+00:00,1
2024-08-08 00:34:00+00:00,1
2024-08-08 02:25:00+00:00,1
2024-08-08 07:59:00+00:00,1
2024-08-08 12:34:00+00:00,1
2024-08-08 13:56:00+00:00,1
2024-08-08 15:06:00+00:00,1
2024-08-08 16:37:00+00:00,-1
2024-08-08 21:42:00+00:00,1
2024-08-08 22:56:00+00:00,-1
2024-08-09 01:01:00+00:00,1
2024-08-09 07:25:00+00:00,1
2024-08-09 12:34:00+00:00,1
2024-08-09 14:32:00+00:00,1
2024-08-09 17:11:00+00:00,1
2024-08-09 22:06:00+00:00,1
2024-08-10 04:41:00+00:00,1
2024-08-10 16:53:00+00:00,1
2024-08-11 05:34:00+00:00,1
2024-08-11 12:15:00+00:00,1
2024-08-11 19:25:00+00:00,-1
2024-08-11 22:04:00+00:00,1
2024-08-12 04:13:00+00:00,1
2024-08-12 09:08:00+00:00,1
2024-08-12 12:26:00+00:00,1
2024-08-12 14:08:00+00:00,1
2024-08-12 15:07:00+00:00,-1
2024-08-12 17:47:00+00:00,-1
2024-08-12 23:00:00+00:00,-1
2024-08-13 06:22:00+00:00,-1
2024-08-13 13:14:00+00:00,-1
2024-08-13 16:36:00+00:00,-1
2024-08-13 18:11:00+00:00,-1
2024-08-14 00:26:00+00:00,-1
2024-08-14 10:46:00+00:00,-1
2024-08-14 13:14:00+00:00,-1
2024-08-14 14:11:00+00:00,-1
2024-08-14 15:46:00+00:00,-1
2024-08-14 19:59:00+00:00,-1
2024-08-15 03:07:00+00:00,-1
2024-08-15 10:32:00+00:00,-1
2024-08-15 13:36:00+00:00,-1
2024-08-15 17:06:00+00:00,-1
2024-08-15 18:42:00+00:00,-1
2024-08-15 20:17:00+00:00,-1
2024-08-15 23:30:00+00:00,-1
2024-08-16 05:13:00+00:00,-1
2024-08-16 12:30:00+00:00,-1
2024-08-16 14:10:00+00:00,1
2024-08-16 17:58:00+00:00,-1
2024-08-17 00:24:00+00:00,-1
2024-08-17 13:05:00+00:00,-1
2024-08-18 01:46:00+00:00,-1
2024-08-18 09:51:00+00:00,-1
2024-08-18 17:48:00+00:00,-1
2024-08-19 00:33:00+00:00,-1
2024-08-19 09:50:00+00:00,-1
2024-08-19 13:45:00+00:00,-1
2024-08-19 17:39:00+00:00,-1
2024-08-20 00:27:00+00:00,-1
2024-08-20 04:41:00+00:00,-1
2024-08-20 12:06:00+00:00,-1
2024-08-20 14:36:00+00:00,-1
2024-08-20 15:51:00+00:00,1
2024-08-20 21:05:00+00:00,-1
2024-08-21 08:00:00+00:00,-1
2024-08-21 13:47:00+00:00,-1
2024-08-21 14:53:00+00:00,1
2024-08-21 18:54:00+00:00,-1
2024-08-21 20:54:00+00:00,-1
2024-08-22 02:52:00+00:00,-1
2024-08-22 10:28:00+00:00,-1
2024-08-22 13:56:00+00:00,-1
2024-08-22 18:16:00+00:00,-1
2024-08-23 05:33:00+00:00,-1
2024-08-23 12:53:00+00:00,-1
2024-08-23 14:18:00+00:00,-1
2024-08-23 15:30:00+00:00,-1
2024-08-23 17:50:00+00:00,-1
2024-08-23 19:13:00+00:00,-1
2024-08-23 21:38:00+00:00,-1
2024-08-24 02:51:00+00:00,-1
2024-08-24 13:16:00+00:00,-1
2024-08-24 22:08:00+00:00,-1
2024-08-25 09:41:00+00:00,-1
2024-08-25 22:22:00+00:00,-1
2024-08-26 04:39:00+00:00,-1
2024-08-26 11:47:00+00:00,1
2024-08-26 15:42:00+00:00,-1
2024-08-26 21:32:00+00:00,1
2024-08-27 05:49:00+00:00,1
2024-08-27 12:02:00+00:00,-1
2024-08-27 14:54:00+00:00,-1
2024-08-27 18:47:00+00:00,-1
2024-08-27 21:55:00+00:00,-1
2024-08-27 22:21:00+00:00,-1
2024-08-28 00:37:00+00:00,-1
2024-08-28 07:49:00+00:00,-1
2024-08-28 11:39:00+00:00,-1
2024-08-28 15:03:00+00:00,-1
2024-08-28 16:36:00+00:00,-1
2024-08-28 19:35:00+00:00,1
2024-08-29 02:10:00+00:00,-1
2024-08-29 11:46:00+00:00,-1
2024-08-29 15:05:00+00:00,1
2024-08-29 18:28:00+00:00,-1
2024-08-29 22:09:00+00:00,1
2024-08-30 06:53:00+00:00,-1
2024-08-30 13:13:00+00:00,-1
2024-08-30 15:02:00+00:00,-1
2024-08-30 16:35:00+00:00,1
2024-08-30 20:46:00+00:00,1
2024-08-31 09:27:00+00:00,-1
2024-08-31 22:08:00+00:00,-1
2024-09-01 06:12:00+00:00,1
2024-09-01 13:52:00+00:00,-1
2024-09-01 16:11:00+00:00,1
2024-09-01 22:32:00+00:00,-1
2024-09-02 02:19:00+00:00,1
2024-09-02 08:43:00+00:00,-1
2024-09-02 14:08:00+00:00,-1
2024-09-02 21:01:00+00:00,1
2024-09-03 02:58:00+00:00,1
2024-09-03 12:20:00+00:00,1
2024-09-03 14:17:00+00:00,1
2024-09-03 17:30:00+00:00,1
2024-09-03 23:59:00+00:00,-1
2024-09-04 01:06:00+00:00,-1
2024-09-04 05:11:00+00:00,-1
2024-09-04 11:03:00+00:00,-1
2024-09-04 14:45:00+00:00,-1
2024-09-04 15:58:00+00:00,-1
2024-09-04 19:41:00+00:00,1
2024-09-05 03:15:00+00:00,-1
2024-09-05 08:05:00+00:00,1
2024-09-05 13:14:00+00:00,-1
2024-09-05 14:58:00+00:00,-1
2024-09-05 16:45:00+00:00,1
2024-09-05 21:46:00+00:00,-1
2024-09-06 05:53:00+00:00,-1
2024-09-06 09:09:00+00:00,-1
2024-09-06 12:37:00+00:00,-1
2024-09-06 13:58:00+00:00,1
2024-09-06 14:37:00+00:00,-1
2024-09-06 15:20:00+00:00,-1
2024-09-06 17:09:00+00:00,-1
2024-09-06 19:38:00+00:00,-1
2024-09-06 21:02:00+00:00,-1
2024-09-07 05:07:00+00:00,-1
2024-09-07 14:09:00+00:00,-1
2024-09-07 23:27:00+00:00,-1
2024-09-08 12:08:00+00:00,1
2024-09-08 17:10:00+00:00,-1
2024-09-08 22:39:00+00:00,-1
2024-09-09 04:23:00+00:00,-1
2024-09-09 10:28:00+00:00,-1
2024-09-09 14:20:00+00:00,1
2024-09-09 16:22:00+00:00,-1
2024-09-09 18:46:00+00:00,-1
2024-09-09 21:36:00+00:00,-1
2024-09-10 04:56:00+00:00,-1
2024-09-10 12:21:00+00:00,-1
2024-09-10 15:04:00+00:00,-1
2024-09-10 18:39:00+00:00,-1
2024-09-11 01:26:00+00:00,-1
2024-09-11 04:55:00+00:00,-1
2024-09-11 11:10:00+00:00,1
2024-09-11 13:34:00+00:00,1
2024-09-11 14:54:00+00:00,-1
2024-09-11 16:54:00+00:00,-1
2024-09-11 19:51:00+00:00,-1
2024-09-12 02:17:00+00:00,-1
2024-09-12 10:20:00+00:00,-1
2024-09-12 14:14:00+00:00,-1
2024-09-12 15:54:00+00:00,1
2024-09-12 20:46:00+00:00,-1
2024-09-13 08:07:00+00:00,1
2024-09-13 13:45:00+00:00,1
2024-09-13 15:27:00+00:00,-1
2024-09-13 16:40:00+00:00,1
2024-09-13 21:10:00+00:00,-1
2024-09-14 05:28:00+00:00,1
2024-09-14 16:45:00+00:00,1
2024-09-15 05:26:00+00:00,1
2024-09-15 17:10:00+00:00,1
2024-09-15 23:12:00+00:00,-1
2024-09-16 02:29:00+00:00,-1
2024-09-16 09:09:00+00:00,1
2024-09-16 14:18:00+00:00,-1
2024-09-16 17:12:00+00:00,1
2024-09-16 23:25:00+00:00,1
2024-09-17 07:17:00+00:00,-1
2024-09-17 12:53:00+00:00,-1
2024-09-17 14:29:00+00:00,-1
2024-09-17 15:18:00+00:00,1
2024-09-17 17:55:00+00:00,1
2024-09-17 21:26:00+00:00,-1
2024-09-18 06:55:00+00:00,-1
2024-09-18 12:34:00+00:00,1
2024-09-18 16:04:00+00:00,-1
2024-09-18 18:03:00+00:00,-1
2024-09-18 18:43:00+00:00,-1
2024-09-18 20:01:00+00:00,1
2024-09-19 00:01:00+00:00,-1
2024-09-19 02:03:00+00:00,1
2024-09-19 09:44:00+00:00,1
2024-09-19 12:47:00+00:00,1
2024-09-19 15:11:00+00:00,-1
2024-09-19 18:50:00+00:00,1
2024-09-20 02:07:00+00:00,1
2024-09-20 06:05:00+00:00,1
2024-09-20 11:57:00+00:00,1
2024-09-20 14:34:00+00:00,1
2024-09-20 18:15:00+00:00,-1
2024-09-21 05:05:00+00:00,1
2024-09-21 17:46:00+00:00,1
2024-09-22 06:27:00+00:00,1
2024-09-22 16:34:00+00:00,-1
2024-09-22 22:41:00+00:00,-1
2024-09-23 01:10:00+00:00,-1
2024-09-23 04:22:00+00:00,-1
2024-09-23 11:31:00+00:00,-1
2024-09-23 15:24:00+00:00,-1
2024-09-23 23:05:00+00:00,-1
2024-09-24 07:06:00+00:00,1
2024-09-24 13:43:00+00:00,-1
2024-09-24 15:52:00+00:00,-1
2024-09-24 20:00:00+00:00,1
2024-09-25 01:29:00+00:00,1
2024-09-25 09:58:00+00:00,-1
2024-09-25 15:01:00+00:00,-1
2024-09-25 20:47:00+00:00,-1
2024-09-26 03:26:00+00:00,-1
2024-09-26 10:28:00+00:00,-1
2024-09-26 13:42:00+00:00,-1
2024-09-26 14:46:00+00:00,-1
2024-09-26 15:56:00+00:00,-1
2024-09-26 19:32:00+00:00,1
2024-09-27 02:57:00+00:00,1
2024-09-27 09:14:00+00:00,-1
2024-09-27 13:58:00+00:00,-1
2024-09-27 15:58:00+00:00,-1
2024-09-27 22:25:00+00:00,-1
2024-09-28 10:51:00+00:00,1
2024-09-28 23:32:00+00:00,1
2024-09-29 12:13:00+00:00,1
2024-09-29 23:46:00+00:00,-1
2024-09-30 02:26:00+00:00,-1
2024-09-30 08:21:00+00:00,-1
2024-09-30 10:14:00+00:00,-1
2024-09-30 14:08:00+00:00,-1
2024-09-30 18:25:00+00:00,-1
2024-10-01 00:03:00+00:00,-1
2024-10-01 07:36:00+00:00,-1
2024-10-01 13:41:00+00:00,-1
2024-10-01 14:47:00+00:00,-1
2024-10-01 15:24:00+00:00,-1
2024-10-01 16:56:00+00:00,-1
2024-10-01 17:40:00+00:00,-1
2024-10-01 20:08:00+00:00,-1
2024-10-01 21:11:00+00:00,-1
2024-10-02 02:27:00+00:00,1
2024-10-02 09:34:00+00:00,1
2024-10-02 13:01:00+00:00,-1
2024-10-02 14:42:00+00:00,-1
2024-10-02 17:17:00+00:00,1
2024-10-02 19:36:00+00:00,1
2024-10-03 00:00:00+00:00,-1
2024-10-03 07:26:00+00:00,1
2024-10-03 11:00:00+00:00,1
2024-10-03 13:43:00+00:00,-1
2024-10-03 15:27:00+00:00,1
2024-10-03 17:57:00+00:00,-1
2024-10-04 01:35:00+00:00,1
2024-10-04 10:08:00+00:00,-1
2024-10-04 13:42:00+00:00,-1
2024-10-04 15:42:00+00:00,-1
2024-10-04 19:59:00+00:00,-1
2024-10-05 08:40:00+00:00,-1
2024-10-05 21:21:00+00:00,-1
2024-10-06 10:02:00+00:00,-1
2024-10-06 17:16:00+00:00,-1
2024-10-07 00:48:00+00:00,-1
2024-10-07 06:33:00+00:00,-1
2024-10-07 11:29:00+00:00,-1
2024-10-07 14:19:00+00:00,-1
2024-10-07 15:37:00+00:00,1
2024-10-07 19:33:00+00:00,-1
2024-10-08 00:08:00+00:00,-1
2024-10-08 06:30:00+00:00,-1
2024-10-08 13:32:00+00:00,-1
2024-10-08 15:04:00+00:00,-1
2024-10-08 18:04:00+00:00,-1
2024-10-09 02:16:00+00:00,-1
2024-10-09 12:42:00+00:00,-1
2024-10-09 15:28:00+00:00,-1
2024-10-09 18:46:00+00:00,-1
2024-10-09 21:18:00+00:00,-1
2024-10-10 06:08:00+00:00,-1
2024-10-10 12:33:00+00:00,-1
2024-10-10 15:13:00+00:00,-1
2024-10-10 17:52:00+00:00,-1
2024-10-10 18:54:00+00:00,-1
2024-10-11 01:21:00+00:00,-1
2024-10-11 09:51:00+00:00,-1
2024-10-11 13:44:00+00:00,-1
2024-10-11 15:29:00+00:00,-1
2024-10-11 17:43:00+00:00,-1
2024-10-11 21:56:00+00:00,-1
2024-10-12 07:06:00+00:00,-1
2024-10-12 16:06:00+00:00,-1
2024-10-13 04:20:00+00:00,-1
2024-10-13 15:23:00+00:00,-1
2024-10-13 21:54:00+00:00,-1
2024-10-14 03:43:00+00:00,-1
2024-10-14 06:28:00+00:00,-1
2024-10-14 09:18:00+00:00,-1
2024-10-14 13:31:00+00:00,-1
2024-10-14 14:33:00+00:00,-1
2024-10-14 17:22:00+00:00,-1
2024-10-14 22:59:00+00:00,-1
2024-10-15 05:06:00+00:00,-1
2024-10-15 12:09:00+00:00,-1
2024-10-15 13:55:00+00:00,-1
2024-10-15 14:30:00+00:00,-1
2024-10-15 14:49:00+00:00,1
2024-10-15 15:29:00+00:00,1
2024-10-15 16:47:00+00:00,1
2024-10-15 19:54:00+00:00,1
2024-10-16 01:11:00+00:00,1
2024-10-16 08:06:00+00:00,1
2024-10-16 11:29:00+00:00,-1
2024-10-16 13:43:00+00:00,-1
2024-10-16 15:29:00+00:00,-1
2024-10-16 23:15:00+00:00,-1
2024-10-17 07:10:00+00:00,-1
2024-10-17 13:04:00+00:00,-1
2024-10-17 15:05:00+00:00,-1
2024-10-17 18:35:00+00:00,-1
2024-10-18 01:58:00+00:00,-1
2024-10-18 07:14:00+00:00,1
2024-10-18 14:06:00+00:00,-1
2024-10-18 15:32:00+00:00,-1
2024-10-18 19:25:00+00:00,-1
2024-10-19 08:06:00+00:00,1
2024-10-19 20:47:00+00:00,1
2024-10-20 09:28:00+00:00,-1
2024-10-20 21:08:00+00:00,-1
2024-10-21 00:34:00+00:00,-1
2024-10-21 07:20:00+00:00,-1
2024-10-21 13:17:00+00:00,-1
2024-10-21 14:31:00+00:00,1
2024-10-21 16:52:00+00:00,-1
2024-10-21 23:00:00+00:00,-1
2024-10-22 03:19:00+00:00,-1
2024-10-22 10:21:00+00:00,-1
2024-10-22 14:08:00+00:00,-1
2024-10-22 17:14:00+00:00,-1
2024-10-23 02:45:00+00:00,-1
2024-10-23 09:07:00+00:00,-1
2024-10-23 13:45:00+00:00,-1
2024-10-23 16:22:00+00:00,-1
2024-10-23 18:28:00+00:00,-1
2024-10-24 00:03:00+00:00,-1
2024-10-24 06:54:00+00:00,-1
2024-10-24 13:04:00+00:00,-1
2024-10-24 16:03:00+00:00,-1
2024-10-24 21:11:00+00:00,-1
2024-10-25 04:23:00+00:00,1
2024-10-25 10:53:00+00:00,1
2024-10-25 14:32:00+00:00,-1
2024-10-25 16:48:00+00:00,-1
2024-10-25 18:10:00+00:00,-1
2024-10-25 19:05:00+00:00,-1
2024-10-25 23:08:00+00:00,-1
2024-10-26 01:09:00+00:00,-1
2024-10-26 13:24:00+00:00,-1
2024-10-27 02:05:00+00:00,-1
2024-10-27 14:46:00+00:00,-1
2024-10-28 00:02:00+00:00,-1
2024-10-28 07:44:00+00:00,-1
2024-10-28 12:40:00+00:00,0
2024-10-28 14:49:00+00:00,0
2024-10-28 18:01:00+00:00,0
2024-10-28 20:08:00+00:00,0
2024-10-29 01:39:00+00:00,0
2024-10-29 02:46:00+00:00,-1
2024-10-29 08:39:00+00:00,-1
2024-10-29 13:43:00+00:00,-1
2024-10-29 15:15:00+00:00,-1
2024-10-29 16:17:00+00:00,-1
2024-10-29 18:35:00+00:00,-1
2024-10-29 19:48:00+00:00,-1
2024-10-29 23:22:00+00:00,-1
2024-10-30 07:44:00+00:00,-1
2024-10-30 12:57:00+00:00,-1
2024-10-30 15:21:00+00:00,-1
2024-10-30 20:08:00+00:00,-1
2024-10-31 00:31:00+00:00,-1
2024-10-31 11:04:00+00:00,-1
2024-10-31 13:58:00+00:00,-1
2024-10-31 15:02:00+00:00,-1
2024-10-31 17:42:00+00:00,-1
2024-10-31 21:01:00+00:00,-1
2024-11-01 01:57:00+00:00,-1
2024-11-01 06:57:00+00:00,-1
2024-11-01 12:30:00+00:00,-1
2024-11-01 14:11:00+00:00,-1
2024-11-01 15:37:00+00:00,-1
2024-11-01 16:18:00+00:00,-1
2024-11-01 18:52:00+00:00,-1
2024-11-02 01:28:00+00:00,-1
2024-11-02 14:09:00+00:00,-1
2024-11-03 02:11:00+00:00,-1
2024-11-03 05:05:00+00:00,-1
2024-11-03 14:08:00+00:00,-1
2024-11-03 16:10:00+00:00,-1
2024-11-03 21:02:00+00:00,-1
2024-11-04 02:40:00+00:00,-1
2024-11-04 10:05:00+00:00,-1
2024-11-04 15:08:00+00:00,-1
2024-11-04 17:21:00+00:00,-1
2024-11-04 21:27:00+00:00,-1
2024-11-05 01:24:00+00:00,-1
2024-11-05 09:00:00+00:00,-1
2024-11-05 14:39:00+00:00,-1
2024-11-05 15:37:00+00:00,-1
2024-11-05 18:02:00+00:00,-1
2024-11-05 20:42:00+00:00,-1
2024-11-06 00:36:00+00:00,-1
2024-11-06 01:43:00+00:00,-1
2024-11-06 02:46:00+00:00,-1
2024-11-06 03:09:00+00:00,-1
2024-11-06 03:46:00+00:00,-1
2024-11-06 05:02:00+00:00,-1
2024-11-06 06:24:00+00:00,-1
2024-11-06 07:43:00+00:00,-1
2024-11-06 09:08:00+00:00,-1
2024-11-06 12:09:00+00:00,-1
2024-11-06 14:40:00+00:00,-1
2024-11-06 16:08:00+00:00,-1
2024-11-06 19:11:00+00:00,-1
2024-11-06 20:57:00+00:00,-1
2024-11-07 01:32:00+00:00,-1
2024-11-07 06:43:00+00:00,-1
2024-11-07 14:15:00+00:00,-1
2024-11-07 16:21:00+00:00,-1
2024-11-07 18:58:00+00:00,-1
2024-11-07 21:17:00+00:00,-1
2024-11-08 04:01:00+00:00,-1
2024-11-08 12:51:00+00:00,-1
2024-11-08 15:46:00+00:00,-1
2024-11-08 18:35:00+00:00,-1
2024-11-08 21:19:00+00:00,-1
2024-11-09 08:45:00+00:00,-1
2024-11-09 18:45:00+00:00,-1
2024-11-10 01:49:00+00:00,-1
2024-11-10 04:49:00+00:00,-1
2024-11-10 05:29:00+00:00,-1
2024-11-10 08:38:00+00:00,-1
2024-11-10 12:06:00+00:00,-1
2024-11-10 15:31:00+00:00,-1
2024-11-10 18:31:00+00:00,-1
2024-11-10 21:03:00+00:00,-1
2024-11-10 22:53:00+00:00,-1
2024-11-11 02:40:00+00:00,-1
2024-11-11 07:34:00+00:00,-1
2024-11-11 11:06:00+00:00,-1
2024-11-11 14:17:00+00:00,-1
2024-11-11 15:16:00+00:00,-1
2024-11-11 15:54:00+00:00,-1
2024-11-11 16:53:00+00:00,-1
2024-11-11 18:48:00+00:00,-1
2024-11-11 19:34:00+00:00,-1
2024-11-11 20:54:00+00:00,-1
2024-11-11 22:10:00+00:00,-1
2024-11-11 23:11:00+00:00,-1
2024-11-12 00:14:00+00:00,-1
2024-11-12 01:22:00+00:00,-1
2024-11-12 03:50:00+00:00,-1
2024-11-12 06:45:00+00:00,-1
2024-11-12 09:05:00+00:00,-1
2024-11-12 10:28:00+00:00,-1
2024-11-12 10:59:00+00:00,-1
2024-11-12 12:32:00+00:00,-1
2024-11-12 13:56:00+00:00,-1
2024-11-12 15:20:00+00:00,-1
2024-11-12 17:15:00+00:00,-1
2024-11-12 19:28:00+00:00,-1
2024-11-12 21:44:00+00:00,-1
2024-11-13 01:39:00+00:00,-1
2024-11-13 04:59:00+00:00,-1
2024-11-13 10:20:00+00:00,-1
2024-11-13 13:50:00+00:00,-1
2024-11-13 14:36:00+00:00,-1
2024-11-13 15:17:00+00:00,-1
2024-11-13 16:11:00+00:00,-1
2024-11-13 17:20:00+00:00,-1
2024-11-13 19:19:00+00:00,-1
2024-11-13 20:16:00+00:00,-1
2024-11-13 21:53:00+00:00,-1
2024-11-14 02:08:00+00:00,-1
2024-11-14 08:04:00+00:00,-1
2024-11-14 11:49:00+00:00,-1
2024-11-14 14:41:00+00:00,-1
2024-11-14 15:48:00+00:00,-1
2024-11-14 18:04:00+00:00,-1
2024-11-14 21:43:00+00:00,-1
2024-11-15 01:26:00+00:00,-1
2024-11-15 08:31:00+00:00,-1
2024-11-15 12:17:00+00:00,-1
2024-11-15 14:48:00+00:00,-1
2024-11-15 16:26:00+00:00,-1
2024-11-15 20:13:00+00:00,-1
2024-11-16 01:12:00+00:00,-1
2024-11-16 12:14:00+00:00,-1
2024-11-16 19:23:00+00:00,-1
2024-11-17 04:30:00+00:00,-1
2024-11-17 13:22:00+00:00,-1
2024-11-17 20:27:00+00:00,-1
2024-11-18 03:24:00+00:00,-1
2024-11-18 09:29:00+00:00,-1
2024-11-18 13:05:00+00:00,-1
2024-11-18 15:36:00+00:00,-1
2024-11-18 17:07:00+00:00,-1
2024-11-18 20:01:00+00:00,-1
2024-11-18 23:42:00+00:00,-1
2024-11-19 08:13:00+00:00,-1
2024-11-19 13:23:00+00:00,-1
2024-11-19 15:12:00+00:00,-1
2024-11-19 18:08:00+00:00,-1
2024-11-19 20:28:00+00:00,-1
2024-11-20 00:28:00+00:00,-1
2024-11-20 08:45:00+00:00,-1
2024-11-20 13:15:00+00:00,-1
2024-11-20 14:52:00+00:00,-1
2024-11-20 16:42:00+00:00,-1
2024-11-20 20:00:00+00:00,-1
2024-11-21 02:10:00+00:00,-1
2024-11-21 04:12:00+00:00,-1
2024-11-21 06:08:00+00:00,-1
2024-11-21 11:07:00+00:00,-1
2024-11-21 13:33:00+00:00,-1
2024-11-21 15:34:00+00:00,-1
2024-11-21 18:12:00+00:00,-1
2024-11-21 20:40:00+00:00,-1
2024-11-22 03:15:00+00:00,-1
2024-11-22 08:27:00+00:00,-1
2024-11-22 13:32:00+00:00,-1
2024-11-22 15:50:00+00:00,-1
2024-11-22 19:41:00+00:00,-1
2024-11-23 04:28:00+00:00,-1
2024-11-23 16:23:00+00:00,-1
2024-11-24 00:55:00+00:00,-1
2024-11-24 12:31:00+00:00,-1
2024-11-24 15:54:00+00:00,-1
2024-11-24 22:54:00+00:00,-1
2024-11-25 07:23:00+00:00,-1
2024-11-25 13:19:00+00:00,-1
2024-11-25 15:04:00+00:00,-1
2024-11-25 16:22:00+00:00,-1
2024-11-25 19:43:00+00:00,-1
2024-11-25 22:44:00+00:00,-1
2024-11-26 01:46:00+00:00,-1
2024-11-26 08:26:00+00:00,-1
2024-11-26 11:17:00+00:00,-1
2024-11-26 14:03:00+00:00,-1
2024-11-26 16:28:00+00:00,-1
2024-11-26 19:38:00+00:00,1
2024-11-26 23:52:00+00:00,-1
2024-11-27 07:47:00+00:00,-1
2024-11-27 14:31:00+00:00,-1
2024-11-27 16:37:00+00:00,-1
2024-11-27 20:46:00+00:00,-1
2024-11-28 03:39:00+00:00,-1
2024-11-28 11:57:00+00:00,-1
2024-11-28 19:11:00+00:00,-1
2024-11-29 05:25:00+00:00,-1
2024-11-29 12:50:00+00:00,-1
2024-11-29 16:10:00+00:00,-1
2024-11-29 23:40:00+00:00,-1
2024-11-30 10:32:00+00:00,-1
2024-11-30 23:13:00+00:00,-1
2024-12-01 09:41:00+00:00,-1
2024-12-01 21:50:00+00:00,-1
2024-12-02 04:21:00+00:00,-1
2024-12-02 09:13:00+00:00,-1
2024-12-02 14:36:00+00:00,-1
2024-12-02 17:01:00+00:00,-1
2024-12-02 21:19:00+00:00,-1
2024-12-03 08:53:00+00:00,-1
2024-12-03 14:02:00+00:00,-1
2024-12-03 15:48:00+00:00,-1
2024-12-03 21:32:00+00:00,-1
2024-12-04 06:34:00+00:00,-1
2024-12-04 14:24:00+00:00,-1
2024-12-04 16:54:00+00:00,-1
2024-12-04 20:10:00+00:00,-1
2024-12-04 21:47:00+00:00,-1
2024-12-05 02:00:00+00:00,-1
2024-12-05 02:42:00+00:00,-1
2024-12-05 03:14:00+00:00,-1
2024-12-05 05:40:00+00:00,-1
2024-12-05 09:02:00+00:00,-1
2024-12-05 14:43:00+00:00,-1
2024-12-05 16:04:00+00:00,-1
2024-12-05 19:04:00+00:00,-1
2024-12-05 20:39:00+00:00,-1
2024-12-05 22:29:00+00:00,-1
2024-12-05 23:11:00+00:00,-1
2024-12-06 01:39:00+00:00,-1
2024-12-06 08:19:00+00:00,-1
2024-12-06 13:45:00+00:00,-1
2024-12-06 16:36:00+00:00,-1
2024-12-06 19:04:00+00:00,-1
2024-12-07 01:54:00+00:00,-1
2024-12-07 14:35:00+00:00,-1
2024-12-08 03:16:00+00:00,-1
2024-12-08 13:57:00+00:00,-1
2024-12-09 00:16:00+00:00,-1
2024-12-09 06:42:00+00:00,-1
2024-12-09 11:51:00+00:00,-1
2024-12-09 15:17:00+00:00,-1
2024-12-09 18:04:00+00:00,-1
2024-12-09 21:06:00+00:00,-1
2024-12-09 23:01:00+00:00,-1
2024-12-10 03:42:00+00:00,-1
2024-12-10 12:00:00+00:00,-1
2024-12-10 15:31:00+00:00,-1
2024-12-10 16:51:00+00:00,-1
2024-12-10 19:01:00+00:00,-1
2024-12-11 01:28:00+00:00,-1
2024-12-11 09:47:00+00:00,-1
2024-12-11 15:12:00+00:00,-1
2024-12-11 18:01:00+00:00,-1
2024-12-12 00:32:00+00:00,-1
2024-12-12 10:10:00+00:00,-1
2024-12-12 15:09:00+00:00,-1
2024-12-12 18:56:00+00:00,-1
2024-12-12 23:09:00+00:00,-1
2024-12-13 11:09:00+00:00,-1
2024-12-13 16:34:00+00:00,-1
2024-12-14 01:00:00+00:00,-1
2024-12-14 12:55:00+00:00,1
2024-12-15 00:41:00+00:00,1
2024-12-15 11:15:00+00:00,-1
2024-12-15 19:10:00+00:00,-1
2024-12-16 00:06:00+00:00,-1
2024-12-16 02:54:00+00:00,-1
2024-12-16 12:07:00+00:00,-1
2024-12-16 15:14:00+00:00,-1
2024-12-16 18:10:00+00:00,-1
2024-12-16 22:36:00+00:00,-1
2024-12-17 08:47:00+00:00,-1
2024-12-17 15:07:00+00:00,-1
2024-12-17 17:33:00+00:00,-1
2024-12-18 00:48:00+00:00,-1
2024-12-18 05:32:00+00:00,-1
2024-12-18 12:34:00+00:00,-1
2024-12-18 17:02:00+00:00,-1
2024-12-18 20:03:00+00:00,-1
2024-12-18 20:41:00+00:00,1
2024-12-18 23:49:00+00:00,-1
2024-12-19 02:45:00+00:00,-1
2024-12-19 10:32:00+00:00,-1
2024-12-19 15:03:00+00:00,-1
2024-12-19 17:21:00+00:00,-1
2024-12-19 18:23:00+00:00,-1
2024-12-19 20:10:00+00:00,-1
2024-12-19 23:20:00+00:00,-1
2024-12-20 04:37:00+00:00,1
2024-12-20 08:44:00+00:00,1
2024-12-20 10:46:00+00:00,-1
2024-12-20 12:19:00+00:00,1
2024-12-20 14:08:00+00:00,-1
2024-12-20 16:17:00+00:00,-1
2024-12-20 20:35:00+00:00,-1
2024-12-21 05:55:00+00:00,-1
2024-12-21 12:36:00+00:00,-1
2024-12-21 18:51:00+00:00,-1
2024-12-22 05:17:00+00:00,-1
2024-12-22 14:55:00+00:00,-1
2024-12-22 21:48:00+00:00,-1
2024-12-23 03:31:00+00:00,-1
2024-12-23 11:22:00+00:00,-1
2024-12-23 15:20:00+00:00,-1
2024-12-23 19:05:00+00:00,-1
2024-12-24 00:28:00+00:00,-1
2024-12-24 13:08:00+00:00,-1
2024-12-24 15:36:00+00:00,-1
2024-12-24 18:27:00+00:00,-1
2024-12-25 01:40:00+00:00,-1
2024-12-25 12:20:00+00:00,-1
2024-12-25 22:13:00+00:00,-1
2024-12-26 07:12:00+00:00,-1
2024-12-26 10:03:00+00:00,-1
2024-12-26 16:10:00+00:00,-1
2024-12-27 01:44:00+00:00,-1
2024-12-27 08:17:00+00:00,-1
2024-12-27 14:31:00+00:00,-1
2024-12-27 17:27:00+00:00,-1
2024-12-28 06:08:00+00:00,-1
2024-12-28 18:49:00+00:00,-1
2024-12-29 07:30:00+00:00,-1
2024-12-29 18:35:00+00:00,-1
2024-12-30 02:56:00+00:00,-1
2024-12-30 13:37:00+00:00,-1
2024-12-30 15:40:00+00:00,-1
2024-12-30 18:32:00+00:00,-1
2024-12-30 22:26:00+00:00,-1
